date,capacity,turnover,high,low,close,change,transaction_volume,stock_code_id,open
2021-12-06,79437560,6022191832,78.9,72.1,75.9,0.0,47955,6770,78.0
2021-12-07,45956415,3450289096,77.1,73.5,73.6,-2.3,32944,6770,76.0
2021-12-08,31867803,2343542493,75.0,72.6,72.7,-0.9,22896,6770,74.8
2021-12-09,37150136,2650820566,72.5,70.9,71.0,-1.7,26823,6770,72.2
2021-12-10,31323383,2250855115,74.2,69.5,72.7,1.7,21875,6770,70.4
2021-12-13,18881294,1349826983,72.6,71.0,71.0,-1.7,12338,6770,72.5
2021-12-14,20207571,1414287216,70.9,69.5,69.8,-1.2,13835,6770,70.6
2021-12-15,11281692,790010942,70.7,69.6,70.2,0.4,7732,6770,70.0
2021-12-16,14453462,1022776164,71.7,70.3,70.6,0.4,9276,6770,71.6
2021-12-17,14418197,1008099206,70.3,69.7,69.9,-0.7,8921,6770,70.0
2021-12-20,12721642,883318942,70.1,69.0,69.3,-0.6,8632,6770,70.0
2021-12-21,11394862,800078085,70.8,69.3,70.8,1.5,7255,6770,69.8
2021-12-22,12342990,878541290,71.7,70.8,70.8,0.0,8015,6770,71.4
2021-12-23,9519766,672617327,71.5,70.2,70.3,-0.5,6498,6770,71.4
2021-12-24,8174498,576804991,71.0,70.3,70.4,0.1,5680,6770,70.5
2021-12-27,9779103,694061533,71.4,70.8,70.9,0.5,6456,6770,70.9
2021-12-28,12345078,881272826,71.6,71.1,71.4,0.5,7836,6770,71.4
2021-12-29,9131312,652793694,71.9,71.2,71.6,0.2,6224,6770,71.6
2021-12-30,12217366,872759139,71.7,71.2,71.2,-0.4,7085,6770,71.6
2022-01-03,16553430,1163517383,71.2,69.8,70.0,-1.2,10635,6770,71.2
2022-01-04,17214838,1196558210,70.2,69.2,69.2,-0.8,16761,6770,70.1
2022-01-05,11031875,766857855,70.2,69.0,69.3,0.1,7441,6770,69.4
2022-01-06,14632720,999081850,69.0,68.0,68.5,-0.8,10733,6770,69.0
2022-01-07,19045075,1280310120,68.9,66.5,67.5,-1.0,12995,6770,68.4
2022-01-10,12010804,799102412,67.3,66.0,67.0,-0.5,8296,6770,66.5
2022-01-11,9369418,629046327,67.8,66.7,67.0,0.0,6435,6770,67.4
2022-01-12,7253732,486024496,67.5,66.6,66.9,-0.1,4451,6770,67.3
2022-01-13,11279436,765805222,68.2,67.1,68.2,1.3,7008,6770,67.1
2022-01-14,8246918,556402149,68.5,67.0,67.3,-0.9,5568,6770,68.4
2022-01-17,9174011,623849621,68.3,67.5,68.1,0.8,5389,6770,68.2
2022-01-18,6387489,435570147,68.4,68.0,68.0,-0.1,4281,6770,68.4
2022-01-19,6262858,421554435,67.8,66.8,67.8,-0.2,3981,6770,67.0
2022-01-20,4590963,311002451,68.0,67.3,67.9,0.1,3146,6770,67.7
2022-01-21,8819495,590650255,67.7,66.5,67.2,-0.7,6183,6770,67.7
2022-01-24,9926392,654063801,66.8,65.0,66.2,-1.0,6942,6770,66.7
2022-01-25,9939641,653747640,66.3,65.5,65.6,-0.6,5445,6770,66.0
2022-01-26,24060235,1554549670,65.3,63.8,65.2,-0.4,13280,6770,64.4
2022-02-07,21456987,1365392648,65.0,62.6,64.5,-0.7,11463,6770,64.7
2022-02-08,11840873,776985437,66.3,64.4,66.1,1.6,8183,6770,64.5
2022-02-09,11155090,736020982,66.5,65.3,66.2,0.1,6778,6770,66.5
2022-02-10,13010854,844637989,65.9,64.3,65.0,-1.2,9496,6770,65.6
2022-02-11,12525853,800665344,64.4,63.7,63.9,-1.1,10500,6770,64.3
2022-02-14,19219584,1187896759,62.6,61.5,61.5,-2.4,13141,6770,62.6
2022-02-15,19423306,1190121966,62.0,60.4,60.4,-1.1,14663,6770,61.3
2022-02-16,42572698,2548808174,61.4,59.0,59.2,-1.2,26444,6770,61.0
2022-02-17,29360984,1734846155,59.9,58.1,59.6,0.4,18028,6770,59.5
2022-02-18,11121877,656365960,59.3,58.4,59.2,-0.4,7588,6770,58.9
2022-02-21,10295508,604812605,59.0,58.5,58.6,-0.6,8758,6770,59.0
2022-02-22,21768907,1244551380,58.4,56.5,56.6,-2.0,17160,6770,58.3
2022-02-23,15310562,870289808,57.3,56.0,57.1,0.5,8943,6770,56.1
2022-02-24,25821040,1405894772,56.1,53.1,53.3,0.0,17117,6770,56.0
2022-02-25,20905992,1108265708,54.0,52.3,53.3,0.0,12249,6770,53.6
2022-03-01,20627726,1145565263,56.3,53.5,55.9,2.6,11763,6770,53.6
2022-03-02,10403738,571412571,56.0,54.1,56.0,0.1,6765,6770,54.5
2022-03-03,9923382,551103234,56.1,55.0,55.4,-0.6,6098,6770,56.0
2022-03-04,10137438,548305844,54.9,53.8,54.0,-1.4,7177,6770,54.7
2022-03-07,18611700,963825550,53.1,51.3,52.2,-1.8,11609,6770,53.0
2022-03-08,23076287,1159342461,51.6,49.7,49.7,-2.5,14612,6770,50.6
2022-03-09,12945598,649326656,50.6,49.8,50.2,0.5,7656,6770,50.1
2022-03-10,10879903,561221496,52.0,51.3,51.5,1.3,6471,6770,51.4
2022-03-11,6266901,320222057,51.5,50.8,50.9,-0.6,4079,6770,51.4
2022-03-14,7309700,373806200,51.5,50.7,51.4,0.5,4436,6770,51.0
2022-03-15,11952964,601509503,51.1,50.0,50.4,-1.0,6888,6770,51.0
2022-03-16,12482184,632502434,51.4,50.2,51.4,1.0,7534,6770,50.9
2022-03-17,14876093,786747324,53.4,52.5,52.9,1.5,8692,6770,52.9
2022-03-18,16790745,900516021,54.2,52.5,54.2,1.3,8668,6770,53.0
2022-03-21,14841802,811544054,55.3,54.0,54.5,0.3,8169,6770,54.9
2022-03-22,8223010,444643869,54.6,53.8,54.2,-0.3,4809,6770,54.6
2022-03-23,10236838,554430117,54.7,54.0,54.2,0.0,5674,6770,54.3
2022-03-24,7520064,404768991,54.2,53.3,54.2,0.0,4494,6770,53.6
2022-03-25,9333117,506211680,54.7,54.0,54.1,-0.1,5313,6770,54.5
2022-03-28,8889748,475819129,54.0,52.7,53.9,-0.2,4644,6770,53.8
2022-03-29,9992716,534469009,53.9,53.1,53.8,-0.1,5178,6770,53.8
2022-03-30,12059719,648502442,54.2,53.3,53.7,-0.1,7992,6770,54.0
2022-03-31,9703660,514910965,53.6,52.8,53.0,-0.7,5486,6770,53.4
2022-04-01,11350157,591229894,52.4,51.7,52.0,-1.0,6604,6770,52.3
2022-04-06,28295591,1509981247,54.3,51.4,54.3,2.3,14533,6770,51.8
2022-04-07,21811665,1186172986,54.9,53.8,54.5,0.2,10903,6770,54.3
2022-04-08,12965516,704285352,55.2,53.7,54.3,-0.2,7044,6770,55.0
2022-04-11,11465209,606749908,54.5,52.3,52.3,-2.0,7235,6770,54.5
2022-04-12,11523050,598141611,52.5,51.5,51.8,-0.5,5796,6770,52.3
2022-04-13,18420961,979664458,53.9,52.4,53.0,1.2,9181,6770,52.9
2022-04-14,13786334,717183348,52.8,51.8,52.0,-1.0,7754,6770,52.8
2022-04-15,9374730,481389948,51.7,51.1,51.6,-0.4,5500,6770,51.6
2022-04-18,7274878,372115648,51.6,50.9,51.0,-0.6,4384,6770,51.5
2022-04-19,9283397,480133440,52.0,51.4,51.8,0.8,5163,6770,51.4
2022-04-20,30789299,1656114140,56.0,51.7,54.5,2.7,12481,6770,52.2
2022-04-21,21753102,1183620076,54.9,54.0,54.4,-0.1,10414,6770,54.3
2022-04-22,23647246,1276771329,54.5,52.6,54.4,0.0,13895,6770,53.4
2022-04-25,15332430,811829203,53.6,51.8,51.9,-2.5,7492,6770,53.0
2022-04-26,11953247,621754921,52.7,51.6,51.9,0.0,4900,6770,52.7
2022-04-27,16233565,831522234,51.5,50.3,51.1,-0.8,5849,6770,50.5
2022-04-28,26810436,1412337997,54.2,51.6,52.8,1.7,12043,6770,51.9
2022-04-29,21273370,1137143746,54.2,53.1,53.6,0.8,8954,6770,54.0
2022-05-03,12247481,653187363,53.8,52.8,53.0,-0.6,4397,6770,53.5
2022-05-04,11117779,590892862,53.7,53.0,53.2,0.2,3651,6770,53.5
2022-05-05,26832914,1456607068,55.0,53.8,55.0,1.8,12344,6770,54.1
2022-05-06,21339616,1152991885,54.2,53.4,53.8,-1.2,8036,6770,53.6
2022-05-09,18232724,982187620,54.2,53.1,54.0,0.2,7240,6770,53.8
2022-05-10,21141402,1127147597,53.7,52.7,53.2,-0.8,8621,6770,53.3
2022-05-11,26863607,1452927433,54.5,53.4,54.4,1.2,11835,6770,53.6
2022-05-12,32250037,1763609144,55.5,53.9,54.0,-0.4,15506,6770,54.0
2022-05-13,69397240,3906033016,57.7,54.7,56.5,2.5,31667,6770,55.7
2022-05-16,42811403,2471646784,58.4,57.0,57.5,1.0,21531,6770,57.4
2022-05-17,27327144,1581991620,58.3,57.5,57.8,0.3,12289,6770,58.2
2022-05-18,26421117,1546165325,59.2,58.1,58.4,0.6,12405,6770,58.5
2022-05-19,31188331,1807115251,59.0,56.5,59.0,0.6,14647,6770,57.0
2022-05-20,21064622,1242078464,59.4,58.5,58.8,-0.2,9783,6770,59.2
2022-05-23,29095479,1684476771,59.2,57.1,57.2,-1.6,14504,6770,58.3
2022-05-24,20913532,1194707165,57.9,56.4,56.6,-0.6,8772,6770,57.5
2022-05-25,19303353,1097914546,57.6,56.3,56.6,0.0,8819,6770,56.6
2022-05-26,25818658,1447054441,57.0,55.2,55.7,-0.9,11159,6770,57.0
2022-05-27,21071711,1188918810,56.8,56.0,56.5,0.8,9407,6770,56.2
2022-05-30,32330374,1873574301,58.5,57.0,58.1,1.6,13770,6770,57.1
2022-05-31,260805462,15093100360,58.8,57.7,57.8,-0.3,17642,6770,58.2
2022-06-01,19198219,1109936685,58.3,57.5,57.8,0.0,7975,6770,58.0
2022-06-02,9839480,563162701,57.6,57.0,57.2,-0.6,5116,6770,57.6
2022-06-06,20794969,1181885070,57.9,56.3,56.4,-0.8,7337,6770,57.7
2022-06-07,24659276,1374014823,56.3,54.6,55.7,-0.7,9366,6770,56.2
2022-06-08,15280511,848068066,56.1,55.2,55.3,-0.4,7331,6770,55.5
2022-06-09,10421045,578617665,56.1,55.1,56.1,0.8,4994,6770,55.3
2022-06-10,7407154,411443825,55.8,55.1,55.8,-0.3,3315,6770,55.5
2022-06-13,16493268,893434122,55.0,53.4,53.5,-2.3,9430,6770,55.0
2022-06-14,21510959,1120249226,52.7,51.7,52.1,-1.4,10812,6770,52.5
2022-06-15,19214684,994894752,52.6,51.3,51.4,-0.7,8681,6770,52.4
2022-06-16,25439388,1294628781,52.2,50.0,50.1,-1.3,12305,6770,52.0
2022-06-17,51454447,2567501758,50.9,48.8,50.4,0.3,14012,6770,49.3
2022-06-20,32524336,1579584900,50.3,47.85,47.85,-2.55,16422,6770,50.3
2022-06-21,18240803,880663946,48.8,47.35,48.45,0.6,8162,6770,48.2
2022-06-22,18250867,865904969,48.8,46.35,46.35,-2.1,10719,6770,48.8
2022-06-23,39572568,1753083577,46.55,42.8,43.5,-2.85,17638,6770,46.35
2022-06-24,22439581,971842841,44.0,42.65,43.0,-0.5,10124,6770,43.9
2022-06-27,17668918,781547812,44.8,43.55,44.25,1.25,8474,6770,43.9
2022-06-28,18259685,786152885,44.3,42.6,42.8,-1.45,10021,6770,44.3
2022-06-29,22171437,922622039,42.15,41.25,41.7,-1.1,9134,6770,41.55
2022-06-30,21318508,860396275,41.65,40.05,40.1,-1.6,10377,6770,41.65
2022-07-01,28045598,1098233297,40.7,37.8,37.85,-2.25,13935,6770,40.05
2022-07-04,15285005,582141537,38.85,37.65,38.3,0.45,7420,6770,38.0
2022-07-05,13767223,534583334,39.45,38.05,39.0,0.7,6676,6770,39.15
2022-07-06,17101657,668522851,39.55,38.5,38.95,-0.05,8032,6770,39.1
2022-07-07,23882044,955276233,40.95,38.75,40.4,1.45,13302,6770,39.15
2022-07-08,15472378,631846430,41.35,40.3,40.55,0.15,9026,6770,41.15
2022-07-11,10676553,427374371,41.0,39.7,40.1,-0.45,5328,6770,40.65
2022-07-12,14580138,561783808,39.6,38.1,38.35,-1.75,6382,6770,39.55
2022-07-13,16522201,646385112,39.75,38.65,39.25,0.9,7165,6770,39.5
2022-07-14,17264702,663683284,39.3,38.3,39.0,-0.25,8077,6770,38.55
2022-07-15,24638376,977399028,40.5,39.0,40.05,1.05,8203,6770,39.25
2022-07-18,38499705,1491954381,39.6,38.05,39.25,-0.8,17962,6770,38.55
2022-07-19,26528077,1018509782,38.95,37.8,38.75,-0.5,11914,6770,38.0
2022-07-20,22468972,894089883,40.15,39.5,39.7,0.95,10704,6770,39.7
2022-07-21,33762437,1389585021,42.0,39.9,41.8,2.1,16195,6770,39.95
2022-07-22,27555015,1163224321,43.0,41.45,41.75,-0.05,16071,6770,42.3
2022-07-25,16389062,661932563,40.95,40.15,40.25,-1.5,8585,6770,40.95
2022-07-26,23434722,912785245,40.0,38.6,38.85,-1.4,12303,6770,40.0
2022-07-27,12477184,487583390,39.55,38.6,39.45,0.6,5368,6770,38.6
2022-07-28,26933815,1046262741,40.2,38.2,38.25,-1.2,13911,6770,40.05
2022-07-29,112147375,4016247690,36.35,35.1,35.25,-3.0,50470,6770,36.35
2022-08-01,37976239,1350639110,36.0,35.2,35.65,0.4,12762,6770,35.35
2022-08-02,43632632,1511464875,35.4,34.0,34.2,-1.45,18341,6770,35.35
2022-08-03,27980681,951634109,34.4,33.5,34.0,-0.2,10642,6770,33.5
2022-08-04,26758046,905565695,34.35,33.35,33.8,-0.2,11379,6770,34.15
2022-08-05,35472355,1211991673,34.45,33.85,34.2,0.4,12929,6770,34.15
2022-08-08,20807457,700852582,34.0,33.55,33.6,-0.6,9422,6770,33.9
2022-08-09,20279228,685056227,34.15,33.4,33.9,0.3,8151,6770,33.45
2022-08-10,24966075,832117828,33.6,33.15,33.25,-0.65,10000,6770,33.55
2022-08-11,60069832,2023840698,34.1,33.7,33.85,0.6,10823,6770,33.9
2022-08-12,61992382,2165904140,35.5,33.85,35.35,1.5,24625,6770,34.05
2022-08-15,43066594,1531815955,35.9,35.15,35.65,0.3,16281,6770,35.65
2022-08-16,60083837,2158638590,36.55,35.4,35.5,-0.15,22012,6770,35.9
2022-08-17,49615554,1789688532,36.45,35.35,36.3,0.8,15528,6770,35.55
2022-08-18,44005100,1582319923,36.4,35.7,35.8,-0.5,11707,6770,36.3
2022-08-19,26891062,962197032,36.1,35.55,35.7,-0.1,11172,6770,35.9
2022-08-22,27332114,962746171,35.55,35.05,35.05,-0.65,11856,6770,35.5
2022-08-23,29749578,1013863952,34.45,33.85,33.95,0.0,11572,6770,34.1
2022-08-24,25811348,869997340,34.25,33.4,33.4,-0.55,11460,6770,34.1
2022-08-25,29107054,986549930,34.75,33.6,34.25,0.85,10130,6770,33.65
2022-08-26,24227515,849302842,35.3,34.75,34.85,0.6,10782,6770,34.8
2022-08-29,21921284,740627434,34.0,33.55,33.9,-0.95,10193,6770,33.7
2022-08-30,14804888,503771241,34.3,33.8,34.0,0.1,6256,6770,34.0
2022-08-31,48111737,1643817834,34.45,33.4,34.45,0.45,10442,6770,33.8
2022-09-01,36653208,1229460971,33.9,33.3,33.65,-0.8,15304,6770,33.8
2022-09-02,22233283,748789050,34.05,33.5,33.55,-0.1,8708,6770,33.65
2022-09-05,76310527,2387860273,33.7,30.5,30.55,-3.0,37586,6770,33.5
2022-09-06,34927583,1081197639,31.55,30.6,30.8,0.25,15232,6770,30.9
2022-09-07,28173453,851200439,30.75,29.75,30.1,-0.7,13897,6770,30.6
2022-09-08,19749221,604650674,30.9,30.2,30.7,0.6,8052,6770,30.65
2022-09-12,22605414,716402875,31.95,31.35,31.75,1.05,9966,6770,31.6
2022-09-13,29789830,961891153,32.7,31.8,32.0,0.25,13512,6770,32.25
2022-09-14,23914587,748775615,31.6,30.75,31.6,-0.4,9907,6770,30.9
2022-09-15,32404972,1055161094,32.9,31.95,32.75,1.15,12846,6770,32.2
2022-09-16,154077253,4947142654,32.4,31.6,32.15,-0.6,16660,6770,32.3
2022-09-19,28816302,916757851,32.4,31.45,31.75,-0.4,12133,6770,32.1
2022-09-20,19627459,623126992,32.2,31.5,31.55,-0.2,7967,6770,32.2
2022-09-21,20642692,646038595,31.65,31.2,31.3,-0.25,9205,6770,31.6
2022-09-22,20150340,616280958,30.95,30.4,30.55,-0.75,8704,6770,30.95
2022-09-23,18512339,573307572,31.25,30.55,31.0,0.45,6927,6770,30.6
2022-09-26,29389958,876756109,30.75,29.15,29.3,-1.7,15785,6770,30.55
2022-09-27,15225266,445418154,29.9,29.35,29.65,0.35,6027,6770,29.6
2022-09-28,25493532,734361636,29.75,28.35,28.55,-1.1,11361,6770,29.6
2022-09-29,64149811,1775379841,29.25,26.0,27.8,-0.75,25667,6770,29.1
2022-09-30,31674765,883662252,28.65,27.05,28.5,0.7,10842,6770,27.2
2022-10-03,18406881,523795155,28.9,27.7,28.8,0.3,7595,6770,28.0
2022-10-04,19562774,582130850,29.95,29.45,29.85,1.05,8190,6770,29.55
2022-10-05,25004422,763989842,30.95,30.05,30.35,0.5,11291,6770,30.45
2022-10-06,19123081,577130616,30.75,29.9,30.15,-0.2,6758,6770,30.75
2022-10-07,11985436,360372872,30.35,29.7,29.95,-0.2,5201,6770,30.0
2022-10-11,19283428,546555138,28.9,28.0,28.05,-1.9,9457,6770,28.85
2022-10-12,19923128,559833057,28.5,27.65,28.1,0.05,7354,6770,28.1
2022-10-13,19258247,529180839,28.3,26.85,26.95,-1.15,8406,6770,28.2
2022-10-14,25445009,735053145,29.3,28.1,29.2,2.25,11277,6770,28.1
2022-10-17,16722374,481592072,29.55,28.0,29.5,0.3,8733,6770,28.5
2022-10-18,14589218,435407913,30.15,29.35,29.9,0.4,6879,6770,30.0
2022-10-19,14074373,422805029,30.3,29.8,29.9,0.0,6374,6770,30.0
2022-10-20,26028318,788484401,31.0,29.4,31.0,1.1,9661,6770,29.5
2022-10-21,27800962,853064642,31.4,30.15,30.2,-0.8,13116,6770,30.65
2022-10-24,35884744,1127332242,31.95,31.0,31.0,0.8,14056,6770,31.05
2022-10-25,21775848,670402333,31.5,30.25,30.45,-0.55,10397,6770,31.4
2022-10-26,14450517,440854030,30.8,30.25,30.45,0.0,6064,6770,30.35
2022-10-27,12827722,394194605,30.95,30.45,30.9,0.45,5721,6770,30.55
2022-10-28,18785622,563717633,30.7,29.7,29.7,-1.2,8672,6770,30.55
2022-10-31,18198869,559599545,31.0,30.25,30.8,1.1,7820,6770,30.35
2022-11-01,12290770,378622653,31.15,30.6,30.65,-0.15,6247,6770,30.6
2022-11-02,17254952,538915317,31.45,30.65,31.3,0.65,7292,6770,30.8
2022-11-03,16248079,508534539,31.7,30.8,31.45,0.15,6554,6770,30.85
2022-11-04,17354121,546050964,31.85,30.9,31.85,0.4,7028,6770,31.2
2022-11-07,27197977,885949191,32.8,32.2,32.75,0.9,10415,6770,32.3
2022-11-08,26896973,871268503,33.05,31.9,32.0,-0.75,13374,6770,33.0
2022-11-09,22995701,749258010,32.8,32.2,32.7,0.7,8235,6770,32.3
2022-11-10,11623551,377174746,32.65,32.2,32.6,-0.1,5053,6770,32.4
2022-11-11,37138530,1255405801,34.8,33.2,33.3,0.7,14376,6770,34.5
2022-11-14,17244443,579055120,33.95,33.3,33.45,0.15,7368,6770,33.65
2022-11-15,39424309,1346350981,34.65,33.3,34.35,0.9,15328,6770,33.5
2022-11-16,27923080,952654460,34.7,33.7,34.05,-0.3,14136,6770,34.65
2022-11-17,18922883,639371312,34.15,33.3,34.15,0.1,7796,6770,33.8
2022-11-18,21338676,727435478,34.7,33.5,33.65,-0.5,8650,6770,34.3
2022-11-21,13706774,455935499,33.8,32.85,32.85,-0.8,6606,6770,33.75
2022-11-22,36154665,1147767567,32.15,31.3,31.85,-1.0,13555,6770,31.7
2022-11-23,27068458,884706840,33.0,32.1,32.95,1.1,10039,6770,32.1
2022-11-24,16426806,545316425,33.45,32.85,33.3,0.35,8059,6770,33.2
2022-11-25,13759670,455882115,33.45,32.85,32.9,-0.4,6057,6770,33.25
2022-11-28,15534157,502731658,32.65,32.2,32.25,-0.65,6269,6770,32.6
2022-11-29,14089664,455848949,32.75,31.8,32.6,0.35,5760,6770,32.25
2022-11-30,21139555,697746293,33.3,32.45,33.3,0.7,6131,6770,32.7
2022-12-01,30870389,1051197682,34.45,33.7,34.0,0.7,12218,6770,34.0
2022-12-02,28351045,974203484,34.65,33.7,34.6,0.6,9890,6770,33.8
2022-12-05,41113973,1449777691,35.65,34.65,35.15,0.55,19115,6770,34.8
2022-12-06,33869409,1158734274,34.95,33.8,33.95,-1.2,14243,6770,34.9
2022-12-07,19553209,657585409,34.2,33.15,33.35,-0.6,9216,6770,33.75
2022-12-08,11883489,393440684,33.45,32.8,33.05,-0.3,5612,6770,33.35
2022-12-09,12009287,403239151,33.8,33.25,33.45,0.4,5446,6770,33.6
2022-12-12,25425370,820119400,32.75,32.05,32.2,-1.25,11122,6770,32.65
2022-12-13,14088165,457837438,32.75,32.3,32.4,0.2,5465,6770,32.5
2022-12-14,17319651,574688864,33.45,32.65,33.35,0.95,7550,6770,32.75
2022-12-15,13483328,445666560,33.35,32.9,32.95,-0.4,6116,6770,33.1
2022-12-16,18209422,592160951,32.85,32.1,32.65,-0.3,9260,6770,32.3
2022-12-19,15370984,506870457,33.3,32.3,32.9,0.25,8254,6770,32.35
2022-12-20,21371199,700930855,33.45,32.25,32.3,-0.6,9746,6770,33.05
2022-12-21,14061900,459035921,32.9,32.4,32.65,0.35,7233,6770,32.6
2022-12-22,18438384,613814090,33.5,33.0,33.4,0.75,8850,6770,33.05
2022-12-23,10173275,336078224,33.35,32.7,33.3,-0.1,4252,6770,32.9
2022-12-26,10813726,355753317,33.4,32.6,32.75,-0.55,4304,6770,33.35
2022-12-27,15508686,516339749,33.65,32.75,33.0,0.25,6101,6770,32.75
2022-12-28,17422489,563570559,33.05,32.05,32.15,-0.85,8348,6770,33.05
2022-12-29,12696334,402717506,32.1,31.4,32.05,-0.1,5911,6770,31.9
2022-12-30,8725926,280558630,32.6,31.85,31.85,-0.2,3428,6770,32.45
2023-01-03,13001504,416173946,32.35,31.4,32.35,0.5,4981,6770,31.85
2023-01-04,8080068,261695920,32.7,32.2,32.25,-0.1,3692,6770,32.25
2023-01-05,12121132,396747812,32.95,32.5,32.65,0.4,5121,6770,32.6
2023-01-06,24899895,827889491,33.45,32.9,33.45,0.8,9689,6770,33.0
2023-01-09,42328106,1427565884,34.05,33.0,33.9,0.45,17164,6770,34.0
2023-01-10,24182365,822675279,34.3,33.7,34.0,0.1,10063,6770,33.9
2023-01-11,21431540,729391488,34.3,33.7,34.3,0.3,9423,6770,34.0
2023-01-12,13975662,475774872,34.3,33.85,33.85,-0.45,6550,6770,34.25
2023-01-13,15375182,522367749,34.4,33.6,33.65,-0.2,7146,6770,34.25
2023-01-16,32094820,1054405789,33.65,32.5,32.55,-1.1,15441,6770,33.65
2023-01-17,20209990,651113206,32.4,32.05,32.3,-0.25,8703,6770,32.35
2023-01-30,44558421,1498766294,33.95,32.85,33.95,1.65,16167,6770,33.2
2023-01-31,28920918,989754140,34.45,33.7,34.3,0.35,11492,6770,33.9
2023-02-01,30830832,1072079656,35.1,34.3,35.0,0.7,13522,6770,34.55
2023-02-02,34046855,1206786012,35.85,35.2,35.3,0.3,15833,6770,35.45
2023-02-03,25462576,881695315,35.3,34.4,34.5,-0.8,12055,6770,35.3
2023-02-06,19410722,658067493,34.3,33.7,33.7,-0.8,9217,6770,34.2
2023-02-07,11080507,374538855,34.1,33.6,33.8,0.1,5592,6770,33.6
2023-02-08,20915642,721277328,34.9,34.0,34.6,0.8,9306,6770,34.2
2023-02-09,10810377,370431381,34.55,34.15,34.15,-0.45,6118,6770,34.3
2023-02-10,13508053,456688881,34.15,33.7,33.7,-0.45,6292,6770,34.15
2023-02-13,13344463,443075647,33.6,33.0,33.15,-0.55,6404,6770,33.6
2023-02-14,8967656,301221364,33.7,33.45,33.6,0.45,4224,6770,33.5
2023-02-15,12168731,405422165,33.7,33.1,33.25,-0.35,6232,6770,33.55
2023-02-16,9506570,318375754,33.65,33.3,33.5,0.25,4280,6770,33.3
2023-02-17,7658409,255097187,33.45,33.2,33.3,-0.2,3853,6770,33.3
2023-02-20,10266416,345892694,33.8,33.3,33.8,0.5,5085,6770,33.3
2023-02-21,9299086,315626956,34.1,33.8,33.9,0.1,4450,6770,33.95
2023-02-22,16952945,563652134,33.4,33.05,33.4,-0.5,8097,6770,33.25
2023-02-23,9807546,330090487,33.75,33.5,33.65,0.25,5015,6770,33.5
2023-02-24,12972669,435386939,33.95,33.3,33.3,-0.35,5470,6770,33.8
2023-03-01,17306070,571598223,33.3,32.85,33.1,-0.2,7688,6770,33.25
2023-03-02,8227336,273144869,33.4,33.0,33.25,0.15,4035,6770,33.15
2023-03-03,13750770,460574867,33.75,33.15,33.6,0.35,5635,6770,33.4
2023-03-06,55219711,1911117648,35.25,33.8,34.95,1.35,22100,6770,34.0
2023-03-07,35766473,1255453654,35.35,34.75,35.15,0.2,17538,6770,35.0
2023-03-08,25559978,887934051,35.0,34.5,34.95,-0.2,11482,6770,34.85
2023-03-09,45729247,1628478423,36.2,35.1,35.15,0.2,18596,6770,35.1
2023-03-10,23366687,808496248,34.9,34.3,34.45,-0.7,11905,6770,34.9
2023-03-13,17335899,584778822,34.2,33.3,33.8,0.0,7864,6770,34.05
2023-03-14,14734760,491294331,33.6,33.2,33.2,-0.6,6578,6770,33.5
2023-03-15,9512301,319312194,33.95,33.25,33.25,0.05,4633,6770,33.6
2023-03-16,8619758,287108803,33.6,33.1,33.35,0.1,4202,6770,33.15
2023-03-17,21052861,717823205,34.6,33.5,34.6,1.25,7279,6770,33.7
2023-03-20,9493587,325739489,34.75,34.1,34.2,-0.4,5001,6770,34.5
2023-03-21,8727438,299667134,34.65,34.2,34.2,0.0,4752,6770,34.5
2023-03-22,10256738,352256119,34.6,34.2,34.3,0.1,4980,6770,34.45
2023-03-23,8649327,295961735,34.45,34.1,34.2,-0.1,4225,6770,34.2
2023-03-24,11606589,398994721,34.5,34.2,34.4,0.2,4854,6770,34.3
2023-03-27,15367199,519317974,34.25,33.65,33.7,-0.7,7431,6770,34.2
2023-03-28,15322272,510136723,33.85,33.05,33.1,-0.6,7392,6770,33.7
2023-03-29,13855335,457673075,33.3,32.85,32.95,-0.15,6894,6770,33.15
2023-03-30,12350355,407862831,33.3,32.85,32.9,-0.05,5343,6770,33.3
2023-03-31,14055017,467969866,33.7,33.05,33.1,0.2,5471,6770,33.05
2023-04-06,15729420,514629484,33.15,32.6,32.6,-0.5,8393,6770,33.1
2023-04-07,10400145,339331396,32.8,32.5,32.6,0.0,4973,6770,32.7
2023-04-10,10683393,348128442,32.85,32.5,32.5,-0.1,5191,6770,32.55
2023-04-11,24017716,794702239,33.25,32.5,33.25,0.75,10102,6770,32.6
2023-04-12,11956502,396764805,33.35,33.0,33.3,0.05,6201,6770,33.25
2023-04-13,14905008,492040190,33.2,32.8,33.1,-0.2,6570,6770,33.2
2023-04-14,11222894,370447070,33.35,32.85,32.9,-0.2,4710,6770,33.3
2023-04-17,7240947,238371613,33.05,32.85,32.9,0.0,3897,6770,32.95
2023-04-18,13121889,434982742,33.4,32.9,32.9,0.0,5359,6770,33.05
2023-04-19,29407590,947776391,32.75,32.05,32.1,-0.8,14625,6770,32.75
2023-04-20,33495639,1048399305,32.05,31.0,31.0,-1.1,16874,6770,32.05
2023-04-21,35049722,1065088092,30.95,30.05,30.05,-0.95,18195,6770,30.95
2023-04-24,28581108,859145683,30.6,29.55,30.6,0.55,11984,6770,29.85
2023-04-25,28742680,861770401,30.6,29.8,30.0,-0.6,11273,6770,30.55
2023-04-26,30676357,900532629,29.85,29.1,29.3,-0.7,13871,6770,29.75
2023-04-27,24891356,731765274,29.6,29.15,29.55,0.25,9737,6770,29.35
2023-04-28,22730383,677527699,30.1,29.55,29.7,0.15,7370,6770,29.95
2023-05-02,21448536,655874389,30.9,29.75,30.9,1.2,9211,6770,29.85
2023-05-03,9842121,301612243,30.85,30.5,30.5,-0.4,5412,6770,30.8
2023-05-04,12285729,379619667,31.2,30.4,31.1,0.6,5341,6770,30.5
2023-05-05,6697948,205830774,31.0,30.6,30.65,-0.45,3709,6770,31.0
2023-05-08,8244342,251501022,30.9,30.3,30.3,-0.35,4215,6770,30.9
2023-05-09,7271375,220847584,30.55,30.25,30.25,-0.05,3801,6770,30.45
2023-05-10,9554162,287053048,30.4,29.85,30.0,-0.25,4996,6770,30.25
2023-05-11,7471551,224144223,30.25,29.8,29.8,-0.2,3553,6770,30.1
2023-05-12,5558844,166000712,30.0,29.7,29.85,0.05,2989,6770,29.8
2023-05-15,5084038,150708510,29.85,29.5,29.6,-0.25,3090,6770,29.8
2023-05-16,10425185,315476660,30.45,29.9,30.25,0.65,5044,6770,29.9
2023-05-17,11591164,353956470,30.7,30.1,30.6,0.35,6120,6770,30.2
2023-05-18,10413165,319654857,30.95,30.5,30.6,0.0,5207,6770,30.9
2023-05-19,11574983,352014027,30.75,30.15,30.25,-0.35,5457,6770,30.7
2023-05-22,7435602,224450383,30.35,30.0,30.2,-0.05,3835,6770,30.25
2023-05-23,7967312,243391143,30.8,30.25,30.55,0.35,3749,6770,30.3
2023-05-24,5148901,156759625,30.55,30.25,30.55,0.0,2943,6770,30.45
2023-05-25,6774378,207176029,30.7,30.45,30.65,0.1,2901,6770,30.5
2023-05-26,11700328,360482345,31.0,30.65,30.75,0.1,5093,6770,30.65
2023-05-29,8803015,272356145,31.2,30.75,30.85,0.1,4396,6770,31.05
2023-05-30,15276182,475460538,31.3,30.9,31.1,0.25,6806,6770,31.0
2023-05-31,13942547,432855339,31.3,30.9,30.9,-0.2,5008,6770,31.3
2023-06-01,6760259,207372907,30.9,30.6,30.6,-0.3,3814,6770,30.85
2023-06-02,10541150,326629924,31.1,30.75,31.1,0.5,4948,6770,30.8
2023-06-05,9636302,301212722,31.4,31.1,31.15,0.05,4799,6770,31.3
2023-06-06,6702765,208412989,31.35,31.0,31.05,-0.1,3692,6770,31.2
2023-06-07,14964825,470700376,31.6,31.05,31.55,0.5,7368,6770,31.2
2023-06-08,12102379,377382519,31.6,30.8,30.9,-0.65,6467,6770,31.55
2023-06-09,8750673,270630579,31.1,30.8,30.9,0.0,4371,6770,31.0
2023-06-12,10044277,310572091,31.15,30.55,31.05,0.15,5212,6770,30.95
2023-06-13,9990229,312555298,31.4,31.1,31.25,0.2,4915,6770,31.1
2023-06-14,33235374,1066238065,32.45,31.35,32.3,1.05,13423,6770,31.35
2023-06-15,29076312,946434283,32.75,32.0,32.7,0.4,11578,6770,32.5
2023-06-16,19472491,628629074,33.1,32.05,32.15,-0.55,7701,6770,33.1
2023-06-19,11530391,366601391,32.05,31.65,31.85,-0.3,5879,6770,32.0
2023-06-20,11002762,350590390,32.2,31.55,31.9,0.05,4632,6770,31.8
2023-06-21,10157862,324527893,32.1,31.7,31.95,0.05,4849,6770,31.95
2023-06-26,9731945,306980333,31.85,31.35,31.4,-0.55,4880,6770,31.75
2023-06-27,11914076,369267800,31.4,30.7,30.7,-0.7,6161,6770,31.4
2023-06-28,6447922,198543723,31.05,30.65,30.7,0.0,3609,6770,30.85
2023-06-29,7062951,218021150,31.1,30.7,30.9,0.2,3725,6770,30.85
2023-06-30,7946937,245636171,31.2,30.7,30.95,0.05,3693,6770,30.75
2023-07-03,7970021,247314426,31.35,30.85,30.85,-0.1,4118,6770,31.0
2023-07-04,8289722,255461945,31.0,30.7,30.8,-0.05,3995,6770,30.85
2023-07-05,15996774,505049606,31.9,30.8,31.5,0.7,7401,6770,30.9
2023-07-06,18867912,582748604,31.4,30.65,30.65,-0.85,10413,6770,31.4
2023-07-07,14294538,431769161,30.5,30.05,30.15,-0.5,7044,6770,30.5
2023-07-10,12775317,383109709,30.2,29.85,30.0,-0.15,6717,6770,30.05
2023-07-11,5877609,177328347,30.35,30.05,30.15,0.15,3196,6770,30.1
2023-07-12,10410830,311293925,30.15,29.8,29.9,-0.25,5535,6770,30.1
2023-07-13,11063413,331245938,30.2,29.8,29.8,-0.1,4687,6770,30.1
2023-07-14,7542197,226887664,30.25,29.85,30.1,0.3,3637,6770,30.0
2023-07-17,8267740,249130769,30.3,29.95,30.1,0.0,3669,6770,30.0
2023-07-18,18396446,559634142,30.7,30.15,30.5,0.4,6448,6770,30.2
2023-07-19,14628573,441089810,30.65,30.0,30.1,-0.4,6821,6770,30.6
2023-07-20,31324056,922654086,29.8,29.05,29.8,-0.3,15095,6770,29.8
2023-07-21,16268311,477091333,29.55,29.1,29.55,-0.25,7720,6770,29.3
2023-07-24,17909714,523049030,29.6,28.95,29.6,0.05,7784,6770,29.4
2023-07-25,20128925,601010247,30.5,29.25,30.2,0.6,8955,6770,29.6
2023-07-26,11555497,344321937,30.15,29.65,29.7,-0.5,5906,6770,30.15
2023-07-27,11001731,330262659,30.15,29.75,30.0,0.3,4856,6770,29.75
2023-07-28,11020432,333137115,30.45,30.0,30.2,0.2,5314,6770,30.05
2023-07-31,14920172,447775921,30.35,29.85,29.95,-0.25,5340,6770,30.25
2023-08-01,13273089,397882473,30.2,29.8,30.0,0.05,4734,6770,30.05
2023-08-02,14707585,435532550,30.0,29.35,29.55,-0.45,7710,6770,30.0
2023-08-04,7306052,215954620,29.8,29.4,29.5,-0.05,4019,6770,29.5
2023-08-07,5667881,167909922,29.75,29.4,29.7,0.2,2672,6770,29.45
2023-08-08,13159514,384674754,29.75,29.1,29.1,-0.6,6876,6770,29.75
2023-08-09,6528171,190639739,29.35,29.05,29.2,0.1,3460,6770,29.05
2023-08-10,9527645,277000467,29.4,29.0,29.0,-0.2,5091,6770,29.4
2023-08-11,20039248,572680031,29.15,28.3,28.4,-0.6,11329,6770,29.1
2023-08-14,20134911,555516103,28.3,27.0,27.95,-0.45,11626,6770,28.3
2023-08-15,15409579,424948278,28.05,27.35,27.35,-0.6,9013,6770,28.05
2023-08-16,19072418,511731625,27.15,26.4,27.05,-0.3,10094,6770,27.0
2023-08-17,19096347,507200506,26.9,26.2,26.85,-0.2,8893,6770,26.55
2023-08-18,15451321,419576024,27.45,26.5,27.25,0.4,6849,6770,26.75
2023-08-21,10034084,271546960,27.45,26.9,26.95,-0.3,5542,6770,27.2
2023-08-22,11451091,307165753,27.1,26.7,26.8,-0.15,5025,6770,27.05
2023-08-23,8234387,223843193,27.45,26.7,27.45,0.65,3994,6770,26.85
2023-08-24,10141251,278467287,27.65,27.3,27.3,-0.15,5187,6770,27.6
2023-08-25,7231589,195356392,27.2,26.9,26.9,-0.4,4100,6770,27.1
2023-08-28,9927035,273238829,27.9,26.85,27.4,0.5,4425,6770,26.9
2023-08-29,4457331,121639170,27.55,27.15,27.3,-0.1,2528,6770,27.4
2023-08-30,8202564,227850769,27.9,27.5,27.85,0.55,3983,6770,27.55
2023-08-31,11403830,319563417,28.3,27.8,27.85,0.0,4935,6770,27.9
2023-09-01,4826884,135610550,28.25,27.9,28.15,0.3,2710,6770,27.9
2023-09-04,5430589,153078824,28.45,27.95,28.2,0.05,2781,6770,28.15
2023-09-05,4460639,124901183,28.15,27.85,28.05,-0.15,2712,6770,28.05
2023-09-06,7161084,199667041,28.25,27.8,27.8,-0.25,3612,6770,28.15
2023-09-07,7186221,200563504,28.25,27.6,27.8,0.0,3320,6770,27.7
2023-09-08,7334650,203339708,28.05,27.6,27.6,-0.2,4178,6770,27.95
2023-09-11,10542396,285607995,27.65,26.9,26.9,-0.7,6557,6770,27.6
2023-09-12,13162805,355723018,27.2,26.7,27.15,0.25,5583,6770,26.95
2023-09-13,6346332,173775458,27.65,27.1,27.4,0.25,3057,6770,27.1
2023-09-14,8388433,234145547,28.1,27.6,27.9,0.5,3854,6770,27.6
2023-09-15,12007186,337140645,28.2,27.85,28.1,0.2,4354,6770,28.2
2023-09-18,5671038,157863460,28.05,27.55,27.8,-0.3,3134,6770,27.7
2023-09-19,5263971,146795071,28.15,27.75,27.85,0.05,2436,6770,27.85
2023-09-20,7081793,194606469,27.85,27.25,27.25,-0.6,4357,6770,27.85
2023-09-21,9854537,267185181,27.35,27.0,27.0,-0.25,5071,6770,27.2
2023-09-22,6217479,167316110,27.1,26.75,26.9,-0.1,3405,6770,26.9
2023-09-25,5680037,154602448,27.55,27.05,27.3,0.4,2910,6770,27.1
2023-09-26,10018570,268211126,27.15,26.65,26.65,-0.65,5950,6770,27.1
2023-09-27,8605042,227924925,26.75,26.35,26.4,-0.25,4768,6770,26.65
2023-09-28,4272681,113803060,26.8,26.5,26.55,0.15,2341,6770,26.6
2023-10-02,5791486,154437225,26.9,26.6,26.6,0.05,3040,6770,26.8
2023-10-03,4857160,129381526,26.85,26.4,26.6,0.0,2703,6770,26.45
2023-10-04,11434360,298873240,26.4,26.05,26.1,-0.5,6732,6770,26.35
2023-10-05,5396245,142379299,26.5,26.15,26.4,0.3,2916,6770,26.15
2023-10-06,4251780,112561739,26.6,26.35,26.5,0.1,2139,6770,26.45
2023-10-11,16224145,438450879,27.25,26.7,27.05,0.55,6070,6770,26.85
2023-10-12,11210490,307313397,27.6,27.05,27.55,0.5,5501,6770,27.25
2023-10-13,10471451,289750106,27.9,27.3,27.7,0.15,5221,6770,27.55
2023-10-16,23926713,667219137,28.45,27.3,27.35,-0.35,11255,6770,27.8
2023-10-17,21431783,601001534,28.35,27.55,27.85,0.5,10823,6770,27.6
2023-10-18,13061769,360453284,27.8,27.35,27.5,-0.35,6881,6770,27.8
2023-10-19,10163679,277805566,27.6,27.1,27.35,-0.15,5113,6770,27.35
2023-10-20,24800708,684140123,28.3,27.3,27.3,-0.05,10184,6770,27.65
2023-10-23,11869236,318253249,27.1,26.65,26.65,-0.65,5911,6770,27.05
2023-10-24,9790215,260207070,26.9,26.25,26.85,0.2,4782,6770,26.55
2023-10-25,20642290,570142540,28.15,26.7,27.5,0.65,8706,6770,26.9
2023-10-26,11399649,308594379,27.45,26.8,26.8,-0.7,5895,6770,27.15
2023-10-27,6202142,165891222,27.0,26.6,26.65,-0.15,3069,6770,26.9
2023-10-30,5866048,156046724,26.85,26.5,26.6,-0.05,3141,6770,26.7
2023-10-31,6139869,163858199,26.95,26.5,26.55,-0.05,2905,6770,26.65
2023-11-01,13577791,371091407,27.8,26.85,27.2,0.65,7095,6770,26.9
2023-11-02,9222229,254600959,27.8,27.45,27.6,0.4,4117,6770,27.75
2023-11-03,37168632,1053515062,28.75,27.6,28.7,1.1,15457,6770,27.95
2023-11-06,25232978,729729624,29.3,28.7,28.75,0.05,10642,6770,29.0
2023-11-07,11910581,340403591,28.85,28.25,28.85,0.1,5679,6770,28.75
2023-11-08,16403442,467706605,28.9,28.2,28.35,-0.5,6291,6770,28.9
2023-11-09,8141262,231894208,28.65,28.25,28.45,0.1,4285,6770,28.4
2023-11-10,7809955,220062593,28.35,28.1,28.1,-0.35,3734,6770,28.35
2023-11-13,14781955,414192083,28.6,27.7,27.85,-0.25,6391,6770,28.4
2023-11-14,11856609,336523530,28.6,28.1,28.35,0.5,5703,6770,28.15
2023-11-15,21389178,616588832,29.0,28.5,28.9,0.55,9341,6770,28.7
2023-11-16,11034997,318911164,29.1,28.7,29.0,0.1,5296,6770,28.95
2023-11-17,11922109,346067442,29.15,28.85,29.05,0.05,5399,6770,28.95
2023-11-20,18772163,552276546,29.7,29.05,29.3,0.25,7941,6770,29.3
2023-11-21,18717455,556047643,29.9,29.35,29.8,0.5,9279,6770,29.5
2023-11-22,13461690,393935915,29.55,29.1,29.2,-0.6,7484,6770,29.55
2023-11-23,11248055,331983077,29.7,29.2,29.5,0.3,5338,6770,29.2
2023-11-24,9457828,280393517,29.75,29.5,29.75,0.25,4162,6770,29.6
2023-11-27,9390925,277261168,29.8,29.3,29.4,-0.35,5101,6770,29.75
2023-11-28,13414997,398237374,29.9,29.15,29.8,0.4,5827,6770,29.5
2023-11-29,12805758,383397489,30.1,29.7,29.85,0.05,6934,6770,29.7
2023-11-30,18192827,545952306,30.1,29.75,30.1,0.25,5459,6770,30.0
2023-12-01,10597678,314905628,30.05,29.6,29.6,-0.5,5376,6770,30.0
2023-12-04,12064965,357692017,29.9,29.4,29.7,0.1,4523,6770,29.9
2023-12-05,8729878,256454823,29.8,29.25,29.4,-0.3,4395,6770,29.55
2023-12-06,8558664,250160839,29.45,29.15,29.15,-0.25,3827,6770,29.4
2023-12-07,10199322,294349008,29.3,28.7,28.7,-0.45,5165,6770,29.15
2023-12-08,5881091,170315430,29.15,28.8,28.8,0.1,2711,6770,28.8
2023-12-11,6168341,177620644,28.9,28.7,28.8,0.0,2969,6770,28.85
2023-12-12,14559605,427167601,29.6,29.0,29.6,0.8,6072,6770,29.05
2023-12-13,32279294,966174252,30.3,29.3,29.9,0.3,12420,6770,29.65
2023-12-14,18879124,562142265,30.1,29.55,29.65,-0.25,10341,6770,30.05
2023-12-15,18354350,547283848,30.0,29.65,29.75,0.1,5652,6770,29.8
2023-12-18,16264526,480491019,29.95,29.3,29.4,-0.35,6403,6770,29.9
2023-12-19,12762075,369454893,29.5,28.8,28.8,-0.6,4871,6770,29.3
2023-12-20,10905613,316413651,29.2,28.9,28.9,0.1,4344,6770,29.05
2023-12-21,9668382,278731317,29.0,28.65,28.75,-0.15,3570,6770,28.75
2023-12-22,12249789,358553650,29.6,28.95,29.15,0.4,4299,6770,28.95
2023-12-25,4123116,119592362,29.3,28.9,28.9,-0.25,2819,6770,29.2
2023-12-26,5103911,149281771,29.4,28.9,29.25,0.35,2327,6770,28.9
2023-12-27,16084806,479240493,30.0,29.3,29.8,0.55,7028,6770,29.3
2023-12-28,7349874,218160725,29.9,29.55,29.7,-0.1,3952,6770,29.9
2023-12-29,6276425,185229409,29.8,29.4,29.45,-0.25,2823,6770,29.8
2024-01-02,18991113,551716796,29.75,28.8,28.8,-0.65,8196,6770,29.7
2024-01-03,21799821,615673237,28.8,28.1,28.1,-0.7,10716,6770,28.8
2024-01-04,8462972,238617154,28.45,28.05,28.25,0.15,3694,6770,28.1
2024-01-05,130444412,3998817390,31.05,29.1,30.85,2.6,39244,6770,29.4
2024-01-08,65901191,2008700007,31.15,29.9,29.9,-0.95,25458,6770,31.0
2024-01-09,25984927,774741868,30.35,29.4,29.45,-0.45,10903,6770,30.1
2024-01-10,18929190,553121086,29.65,29.0,29.05,-0.4,7984,6770,29.5
2024-01-11,15466437,447050356,29.2,28.75,28.9,-0.15,6659,6770,29.1
2024-01-12,17252962,499777506,29.35,28.8,28.95,0.05,6407,6770,29.1
2024-01-15,10883857,316242802,29.3,28.9,28.9,-0.05,4687,6770,29.2
2024-01-16,18485390,525479555,28.8,28.3,28.45,-0.45,8576,6770,28.8
2024-01-17,30539834,848250751,28.35,27.5,27.55,-0.9,14548,6770,28.35
2024-01-18,17102469,467554306,27.75,27.1,27.2,-0.35,7446,6770,27.6
2024-01-19,18446947,504036092,27.8,27.2,27.25,0.05,7133,6770,27.3
2024-01-22,21835709,597833409,27.8,27.15,27.45,0.2,7199,6770,27.5
2024-01-23,13123939,364047624,27.9,27.5,27.85,0.4,4960,6770,27.55
2024-01-24,15551246,437161770,28.5,27.8,27.9,0.05,6573,6770,28.0
2024-01-25,12583361,353369245,28.4,27.9,28.05,0.15,5219,6770,28.2
2024-01-26,13978087,387936368,27.95,27.55,27.95,-0.1,5182,6770,27.9
2024-01-29,9137263,253805933,28.05,27.65,27.7,-0.25,3981,6770,28.05
2024-01-30,17833180,486638310,27.85,27.05,27.05,-0.65,8341,6770,27.85
2024-01-31,15809905,427542950,27.25,26.9,27.0,-0.05,5677,6770,27.05
2024-02-01,11709036,315975625,27.1,26.85,27.1,0.1,4388,6770,27.1
2024-02-02,20827594,560976662,27.35,26.7,26.7,-0.4,8337,6770,27.2
2024-02-05,12026676,321835413,26.95,26.55,26.8,0.1,5646,6770,26.65
2024-02-15,14450354,389053508,27.25,26.7,26.9,0.1,6612,6770,27.0
2024-02-16,12752078,349324900,27.6,27.0,27.3,0.4,6528,6770,27.0
2024-02-19,10711669,296474371,27.8,27.45,27.75,0.45,5351,6770,27.45
2024-02-20,9315698,256419946,27.85,27.35,27.45,-0.3,6585,6770,27.85
2024-02-21,8391084,228003602,27.35,27.1,27.15,-0.3,5214,6770,27.3
2024-02-22,12471349,338755317,27.35,27.05,27.1,-0.05,4955,6770,27.15
2024-02-23,13822954,371725658,27.2,26.75,26.75,-0.35,8201,6770,27.05
2024-02-26,10816613,289199761,26.9,26.65,26.7,-0.05,5623,6770,26.7
2024-02-27,17018177,454907435,27.2,26.5,26.6,-0.1,7550,6770,26.75
2024-02-29,25928101,695040151,27.6,26.25,27.6,1.0,9369,6770,26.6
2024-03-01,17183088,464710324,27.4,26.9,26.9,-0.7,7624,6770,27.25
2024-03-04,16185084,433457963,27.05,26.6,26.9,0.0,7715,6770,26.95
2024-03-05,33483674,917308375,27.9,27.0,27.1,0.2,13650,6770,27.1
2024-03-06,12829767,345667256,27.25,26.8,26.8,-0.3,7147,6770,27.1
2024-03-07,15002056,402284263,27.05,26.6,26.6,-0.2,6786,6770,26.95
2024-03-08,32077374,866601883,27.3,26.65,26.95,0.35,11684,6770,26.65
2024-03-11,10449940,281747001,27.3,26.85,26.95,0.0,5565,6770,27.05
2024-03-12,11978389,322781523,27.15,26.8,27.15,0.2,6120,6770,26.95
2024-03-13,19098754,514339038,27.5,26.6,26.6,-0.55,8959,6770,27.2
2024-03-14,10813087,288386325,26.9,26.6,26.6,0.0,4975,6770,26.65
2024-03-15,22241798,585804708,26.7,26.3,26.3,-0.3,7032,6770,26.65
2024-03-18,10017105,267370248,26.9,26.4,26.8,0.5,5267,6770,26.4
2024-03-19,11690572,314972941,27.15,26.65,26.95,0.15,5710,6770,26.8
2024-03-20,12263244,329161516,27.2,26.55,26.6,-0.35,8082,6770,26.95
2024-03-21,11901640,319187039,27.1,26.7,26.75,0.15,5759,6770,26.8
2024-03-22,9394082,250334508,26.85,26.6,26.6,-0.15,4849,6770,26.75
2024-03-25,10866966,287174648,26.6,26.35,26.35,-0.25,5818,6770,26.55
2024-03-26,16934757,443449344,26.5,26.05,26.05,-0.3,8066,6770,26.4
2024-03-27,22056249,566948472,26.1,25.55,25.7,-0.35,12015,6770,26.05
2024-03-28,29474807,752324309,26.0,25.05,25.9,0.2,15902,6770,25.7
2024-03-29,10611238,273470546,26.0,25.65,25.8,-0.1,6268,6770,25.95
2024-04-01,10059688,261917610,26.3,25.75,25.95,0.15,4659,6770,25.95
2024-04-02,7985942,207323274,26.1,25.8,25.9,-0.05,4181,6770,26.05
2024-04-03,12071941,307519545,25.75,25.4,25.4,-0.5,6464,6770,25.7
2024-04-08,14068887,354514503,25.35,25.1,25.2,-0.2,6762,6770,25.3
2024-04-09,12021199,308432254,25.95,25.4,25.6,0.4,5340,6770,25.5
2024-04-10,19760939,515794041,26.4,25.7,25.95,0.35,8929,6770,25.8
2024-04-11,12644719,322754431,25.9,25.4,25.4,-0.55,7437,6770,25.85
2024-04-12,12890656,325886222,25.45,25.2,25.2,-0.2,6361,6770,25.4
2024-04-15,17824305,445890340,25.2,24.9,25.0,-0.2,11109,6770,25.2
2024-04-16,26693076,646315635,24.85,24.0,24.15,-0.85,12606,6770,24.8
2024-04-17,34846706,827458257,24.2,23.5,23.65,-0.5,18497,6770,24.15
2024-04-18,35473179,822839324,23.6,23.0,23.05,-0.6,15736,6770,23.55
2024-04-19,43447985,969246530,23.0,21.85,22.2,-0.85,20429,6770,22.75
2024-04-22,28100435,618856514,22.45,21.7,21.7,-0.5,12685,6770,22.2
2024-04-23,26061263,569184495,22.1,21.7,21.85,0.15,7269,6770,21.9
2024-04-24,31255864,701989137,22.8,22.05,22.6,0.75,10223,6770,22.1
2024-04-25,21757791,480845943,22.45,21.9,21.95,-0.65,10795,6770,22.45
2024-04-26,32541668,723287777,22.5,22.1,22.15,0.2,6600,6770,22.1
2024-04-29,31862710,726450165,23.2,22.4,23.2,1.05,11329,6770,22.4
2024-04-30,19911067,460195536,23.5,22.8,22.85,-0.35,9846,6770,23.2
2024-05-02,31518262,740359803,23.8,22.85,23.6,0.75,13068,6770,22.9
2024-05-03,95562416,2431515329,25.9,24.2,25.35,1.75,37119,6770,24.2
2024-05-06,45471714,1156179815,25.9,25.05,25.2,-0.15,18569,6770,25.7
2024-05-07,26073976,647657684,25.4,24.6,24.7,-0.5,10531,6770,25.2
2024-05-08,20244030,497982284,25.1,24.35,24.7,0.0,7970,6770,24.75
2024-05-09,15855023,395154153,25.2,24.7,24.75,0.05,7037,6770,25.05
2024-05-10,14354210,348989319,24.9,24.15,24.35,-0.4,6757,6770,24.75
2024-05-13,15763527,378772238,24.35,23.9,24.1,-0.25,7188,6770,24.35
2024-05-14,21925679,544736827,25.25,24.55,24.85,0.75,9422,6770,24.6
2024-05-15,25831992,635522478,24.85,24.3,24.7,-0.15,11621,6770,24.55
2024-05-16,80681492,2098656278,26.75,24.9,26.45,1.75,31605,6770,24.9
2024-05-17,42453685,1107263373,26.75,25.65,25.65,-0.8,21861,6770,26.7
2024-05-20,24833460,633942042,26.2,25.25,25.45,-0.2,10615,6770,26.2
2024-05-21,12496618,319276290,25.8,25.3,25.55,0.1,6360,6770,25.45
2024-05-22,34810495,912334297,26.7,25.5,26.15,0.6,13162,6770,25.5
2024-05-23,37759821,1000019819,26.8,26.1,26.55,0.4,15627,6770,26.4
2024-05-24,31228581,804004935,26.1,25.35,25.65,-0.9,12229,6770,26.1
2024-05-27,30149469,783771214,26.3,25.6,25.95,0.3,10757,6770,25.6
2024-05-28,31174189,811631593,26.4,25.6,26.35,0.4,11105,6770,26.0
2024-05-29,19424490,504939194,26.35,25.8,25.8,-0.55,8454,6770,26.35
2024-05-30,21555668,550502996,25.9,25.4,25.4,-0.4,7832,6770,25.55
2024-05-31,299505430,7471581128,26.1,24.65,24.9,-0.5,19753,6770,25.45
2024-06-03,24184600,604363972,25.55,24.7,24.75,-0.15,10249,6770,25.25
2024-06-04,16929597,413079863,24.65,24.25,24.25,-0.5,8484,6770,24.5
2024-06-05,19152584,464006060,24.55,23.9,24.3,0.05,7031,6770,24.4
2024-06-06,13292288,322386395,24.75,24.1,24.15,-0.15,5778,6770,24.45
2024-06-07,17743733,437348828,24.9,24.3,24.75,0.6,6303,6770,24.3
2024-06-11,30059333,764233216,25.9,24.8,25.2,0.45,11915,6770,24.8
2024-06-12,21817636,549847795,25.5,24.85,25.25,0.05,8214,6770,25.3
2024-06-13,63422843,1674657895,26.75,26.0,26.2,0.95,21998,6770,26.0
2024-06-14,44242010,1166119187,26.75,25.95,26.7,0.5,16102,6770,26.25
2024-06-17,93896893,2599797958,28.5,26.6,27.8,1.1,34379,6770,26.85
2024-06-18,44208657,1218964341,28.15,27.2,27.55,-0.25,23194,6770,28.05
2024-06-19,38477436,1038203520,27.7,26.65,26.7,-0.85,20350,6770,27.6
2024-06-20,49206296,1355451890,28.0,26.8,27.6,0.9,18164,6770,26.8
2024-06-21,24765478,680306123,27.8,27.2,27.6,0.0,12813,6770,27.45
2024-06-24,22933506,619203231,27.6,26.75,26.85,-0.75,10697,6770,27.6
2024-06-25,14973801,397540999,27.1,26.3,26.55,-0.3,6857,6770,26.9
2024-06-26,16511680,434465592,26.75,26.0,26.35,-0.2,7172,6770,26.6
2024-06-27,11755778,307704260,26.4,26.0,26.1,-0.25,5636,6770,26.35
2024-06-28,16987972,453676512,26.95,26.3,26.8,0.7,6998,6770,26.3
2024-07-01,26183052,714379045,27.6,26.9,27.15,0.35,11500,6770,27.0
2024-07-02,17914732,480593838,27.2,26.7,26.7,-0.45,7297,6770,27.1
2024-07-03,11785701,318478712,27.2,26.8,26.9,0.2,4938,6770,27.0
2024-07-04,16631484,449981882,27.4,26.7,26.95,0.05,7779,6770,27.2
2024-07-05,11665887,312599002,27.2,26.65,26.8,-0.15,6302,6770,26.95
2024-07-08,16564624,444989537,27.3,26.55,26.75,-0.05,7165,6770,26.9
2024-07-09,22350548,588488549,26.85,26.0,26.45,-0.3,10273,6770,26.85
2024-07-10,12559565,329205160,26.5,26.05,26.15,-0.3,6181,6770,26.45
2024-07-11,15203057,404935939,26.85,26.3,26.65,0.5,6470,6770,26.5
2024-07-12,12198157,324362089,26.9,26.25,26.45,-0.2,6413,6770,26.5
2024-07-15,25045070,651113231,26.65,25.7,25.75,-0.7,11590,6770,26.55
2024-07-16,15256408,394162832,26.25,25.65,25.65,-0.1,7080,6770,25.9
2024-07-17,63369685,1557956801,25.3,23.6,24.75,-0.9,26771,6770,24.35
2024-07-18,38423833,925311134,24.35,23.8,24.15,-0.6,15832,6770,24.1
2024-07-19,24010648,572296426,24.2,23.7,23.7,-0.45,11991,6770,24.2
2024-07-22,22775219,528913071,23.75,23.0,23.2,-0.5,10751,6770,23.75
2024-07-23,15656780,366015258,23.7,23.25,23.3,0.1,6884,6770,23.35
2024-07-26,14026517,322165114,23.15,22.6,23.15,-0.15,6421,6770,22.8
2024-07-29,14275506,327812064,23.55,22.75,22.75,-0.4,6838,6770,23.45
2024-07-30,15096393,341608668,23.0,22.3,23.0,0.25,7169,6770,22.75
2024-07-31,8513820,196023624,23.3,22.7,23.0,0.0,4112,6770,22.75
2024-09-02,10730730,228909714,21.7,21.15,21.15,-0.45,5005,6770,21.7
2024-09-03,12671659,265739282,21.4,20.7,20.7,-0.45,6117,6770,21.2
2024-09-04,25292205,498116457,20.05,19.1,19.8,-0.9,11467,6770,19.75
2024-09-05,21891981,452279821,21.1,20.3,20.35,0.55,7722,6770,20.6
2024-09-06,15459472,315137038,20.95,20.2,20.3,-0.05,6100,6770,20.65
2024-09-09,13967633,276173410,20.1,19.55,20.0,-0.3,5944,6770,19.6
2024-09-10,9759196,193679051,20.15,19.6,19.65,-0.35,4618,6770,20.1
2024-09-11,9332992,187266277,20.2,19.8,20.0,0.35,3679,6770,19.8
2024-09-12,9305166,190385750,20.7,20.3,20.35,0.35,4119,6770,20.7
2024-09-13,5095779,104034658,20.55,20.3,20.5,0.15,2692,6770,20.35
2024-09-16,7348546,151991775,20.8,20.55,20.8,0.3,3879,6770,20.6
2024-09-18,8155648,168785561,20.95,20.45,20.5,-0.3,4824,6770,20.95
2024-09-19,7917782,162612692,20.75,20.3,20.6,0.1,3944,6770,20.45
2024-09-20,11042283,229579075,21.05,20.7,20.7,0.1,3706,6770,20.85
2024-09-23,6727302,140060405,20.95,20.7,20.8,0.1,2973,6770,20.9
2024-09-24,5557674,115259057,20.85,20.6,20.85,0.05,2992,6770,20.85
2024-09-25,16338994,349181320,21.6,21.0,21.35,0.5,7328,6770,21.05
2024-09-26,8345635,178131085,21.65,21.1,21.15,-0.2,4460,6770,21.55
2024-09-27,29409144,646435602,22.2,21.65,22.0,0.85,10151,6770,21.7
2024-09-30,12624305,271519970,21.8,21.3,21.6,-0.4,6124,6770,21.8
2024-10-01,16240731,341656994,21.5,20.85,20.9,-0.7,8802,6770,21.5
2024-10-04,13892942,285209436,20.85,20.3,20.6,-0.3,8187,6770,20.8
2024-10-07,8749820,180371199,20.8,20.45,20.7,0.1,5063,6770,20.65
2024-10-08,10801654,220599768,20.7,20.25,20.55,-0.15,6461,6770,20.65
2024-10-09,8511957,172481279,20.7,20.1,20.1,-0.45,4675,6770,20.6
2024-10-11,5280022,106561719,20.3,20.1,20.15,0.05,2590,6770,20.3
2024-10-14,5498881,110541656,20.2,20.0,20.15,0.0,2601,6770,20.15
2024-10-15,6798807,137679734,20.35,20.15,20.25,0.1,4071,6770,20.15
2024-10-16,14120120,280333592,20.05,19.75,19.85,-0.4,9330,6770,20.05
2024-10-17,10867930,219723173,20.4,19.9,20.3,0.45,4585,6770,19.9
2024-10-18,11260228,225506483,20.4,19.9,19.9,-0.4,6472,6770,20.4
2024-10-21,8080809,161541080,20.1,19.85,20.05,0.15,4043,6770,19.95
2024-10-22,7223552,144900007,20.2,19.85,20.05,0.0,3442,6770,20.05
2024-10-23,25623247,518737257,20.75,20.0,20.0,-0.05,12992,6770,20.35
2024-10-24,15042861,297976319,20.1,19.7,19.7,-0.3,8424,6770,20.05
2024-10-25,21715657,420641070,19.8,19.2,19.3,-0.4,8797,6770,19.7
2024-10-28,31050359,588895131,19.35,18.75,19.0,-0.3,13634,6770,19.25
2024-10-29,16182857,301175892,18.95,18.5,18.55,-0.45,8079,6770,18.9
2024-10-30,24767835,450536673,18.75,18.0,18.0,-0.55,14117,6770,18.65
2024-11-01,20800560,372215453,18.4,17.35,18.4,0.4,8731,6770,17.55
2024-11-04,15412039,283954003,18.8,18.2,18.35,-0.05,6042,6770,18.4
2024-11-05,10102508,183670727,18.45,18.05,18.05,-0.3,4819,6770,18.35
2024-11-06,11718786,213716953,18.5,18.0,18.3,0.25,4777,6770,18.15
2024-11-07,14839953,279679218,19.2,18.15,19.0,0.7,6157,6770,18.25
2024-11-08,10300059,193875424,19.15,18.65,18.7,-0.3,5578,6770,19.1
2024-11-11,11850798,216854395,18.7,18.15,18.2,-0.5,4420,6770,18.7
2024-11-12,16076333,287508796,18.2,17.8,17.8,-0.4,6315,6770,18.0
2024-11-13,10488458,186811800,18.05,17.6,17.8,0.0,4178,6770,17.8
2024-11-14,13661523,240023020,17.9,17.45,17.45,-0.35,5290,6770,17.8
2024-11-15,7475316,133425856,18.05,17.5,17.9,0.45,3820,6770,17.5
2024-11-18,8291634,149803522,18.2,17.9,18.15,0.25,4157,6770,18.0
2024-11-19,7402084,133941957,18.3,17.9,18.05,-0.1,3496,6770,18.15
2024-11-20,8612861,153705390,18.15,17.7,17.7,-0.35,5192,6770,18.05
2024-11-21,10571845,187070775,17.85,17.6,17.75,0.05,5101,6770,17.7
2024-11-22,16593126,293637410,17.85,17.6,17.6,-0.15,6197,6770,17.7
2024-11-25,16944810,299086738,17.9,17.45,17.6,0.0,4644,6770,17.75
2024-11-26,16227494,289474987,18.1,17.45,17.95,0.35,5808,6770,17.65
2024-11-27,22571491,393318732,18.0,17.15,17.15,-0.8,19061,6770,17.95
2024-11-28,26813425,447201804,17.3,16.4,16.6,-0.55,16100,6770,17.2
2024-11-29,14839903,249812043,17.0,16.65,16.95,0.35,5440,6770,16.7
2024-12-02,12255305,206797436,17.2,16.65,16.65,-0.3,5407,6770,17.1
2024-12-03,11440492,192849628,17.05,16.7,16.85,0.2,6162,6770,16.85
2024-12-04,9026677,153296480,17.1,16.8,17.1,0.25,3989,6770,16.95
2024-12-05,8899754,149785725,17.1,16.7,16.7,-0.4,4684,6770,17.05
2024-12-06,9555446,161191315,17.1,16.65,16.8,0.1,4014,6770,16.75
2024-12-09,10825445,181022722,17.0,16.5,16.65,-0.15,4255,6770,16.85
2024-12-10,8607051,145189798,17.2,16.65,16.7,0.05,3469,6770,16.7
2024-12-11,34456127,554120785,16.7,15.75,15.75,-0.95,14061,6770,16.7
2024-12-12,20615045,325723753,16.35,15.5,15.55,-0.2,8746,6770,15.9
2024-12-13,33812395,512667900,15.6,15.0,15.05,-0.5,11193,6770,15.6
2024-12-16,23585344,357413627,15.55,14.95,15.05,0.0,9280,6770,15.25
2024-12-17,16756681,254316275,15.45,15.05,15.1,0.05,6330,6770,15.2
2024-12-18,24594071,381756611,15.9,15.0,15.65,0.55,7388,6770,15.15
2024-12-19,24061128,378346725,16.2,15.3,15.75,0.1,10060,6770,15.4
2024-12-20,17981173,276812713,15.75,15.3,15.3,-0.45,6365,6770,15.6
2024-12-23,20472639,323051179,16.0,15.5,15.9,0.6,6939,6770,15.5
2024-12-24,46016831,774765713,17.3,16.25,16.75,0.85,18026,6770,16.3
2024-12-25,22309051,373910950,17.15,16.45,16.6,-0.15,9469,6770,17.0
2024-12-26,9937206,164777715,16.8,16.45,16.5,-0.1,4196,6770,16.7
2024-12-27,13411211,219576804,16.55,16.1,16.55,0.05,4982,6770,16.55
2024-12-30,10082830,163329971,16.45,16.0,16.0,-0.55,4040,6770,16.45
2024-12-31,10495050,165847211,16.0,15.65,15.9,-0.1,4050,6770,15.9
2025-01-02,10265203,162754556,16.1,15.65,15.7,-0.2,4052,6770,15.85
2025-01-03,9856123,156131453,16.2,15.6,15.6,-0.1,3834,6770,15.8
2025-01-06,13013564,206830932,16.1,15.65,15.85,0.25,4641,6770,15.8
2025-01-07,20483942,317810360,16.2,15.15,15.2,-0.65,7365,6770,16.0
2025-01-08,8427400,127689669,15.3,15.05,15.15,-0.05,3521,6770,15.2
2025-01-09,28827485,421627720,15.15,14.25,14.3,-0.85,10412,6770,15.1
2025-01-10,10512371,150655418,14.6,14.2,14.2,-0.1,4051,6770,14.3
2025-01-13,25797589,353925706,14.15,13.5,13.65,-0.55,7853,6770,14.1
2025-01-14,13672619,191757272,14.2,13.8,14.1,0.45,4425,6770,13.85
2025-01-15,9148164,129846448,14.4,13.9,14.3,0.2,4043,6770,14.1
2025-01-16,10020765,144837972,14.6,14.35,14.45,0.15,4577,6770,14.5
2025-01-17,25485817,379509515,15.3,14.3,15.0,0.55,7955,6770,14.45
2025-01-20,17148618,282952038,16.5,16.5,16.5,1.5,4936,6770,16.5
2025-01-21,22396856,406502645,18.15,18.15,18.15,1.65,5884,6770,18.15
2025-01-22,83176681,1655956501,19.95,19.5,19.95,1.8,20006,6770,19.95
2025-02-03,190140299,3799304236,20.7,19.2,20.7,0.75,57841,6770,19.5
2025-02-04,114708343,2197066126,20.25,18.65,18.65,-2.05,43041,6770,20.25
2025-02-05,53651568,998975368,19.0,18.3,18.55,-0.1,19702,6770,18.8
2025-02-06,68508909,1243270989,18.85,17.7,18.3,-0.25,23888,6770,18.65
2025-02-07,46085161,816147805,18.15,17.5,17.6,-0.7,17707,6770,18.1
2025-02-10,47529422,807173725,17.4,16.75,16.85,-0.75,16907,6770,17.3
2025-02-11,67853516,1198947657,18.25,17.1,17.55,0.7,22220,6770,17.25
2025-02-12,31647361,549316001,17.65,17.2,17.2,-0.35,11316,6770,17.55
2025-02-13,73853418,1341454868,18.7,17.3,18.15,0.95,24382,6770,17.45
2025-02-14,56873378,1031357339,18.55,17.6,18.35,0.2,18643,6770,17.75
2025-02-17,48835974,902977200,18.85,18.0,18.45,0.1,16628,6770,18.35
2025-02-18,26205474,483559463,18.7,18.25,18.45,0.0,9777,6770,18.45
2025-02-19,45924681,866218817,19.1,18.4,18.9,0.45,16297,6770,18.4
2025-02-20,35148279,655252639,19.15,18.4,18.45,-0.45,15552,6770,19.0
2025-02-21,22285312,414990767,18.8,18.35,18.65,0.2,7461,6770,18.35
2025-02-24,17302542,322810663,18.85,18.4,18.7,0.05,6524,6770,18.55
2025-02-25,34861968,655310319,19.05,18.4,19.0,0.3,10690,6770,18.5
2025-02-26,27505770,515250825,18.95,18.5,18.5,-0.5,10641,6770,18.85
2025-02-27,20065934,369868020,18.75,18.2,18.35,-0.15,10236,6770,18.5
2025-03-03,23294496,413683213,18.1,17.6,17.6,-0.75,8586,6770,18.1
2025-03-04,15674131,275901437,18.0,17.15,18.0,0.4,5940,6770,17.2
2025-03-05,19073049,349845185,18.6,17.85,18.6,0.6,7152,6770,17.95
2025-03-06,17081790,313992230,18.8,18.05,18.05,-0.55,7658,6770,18.75
2025-03-07,13450934,243369847,18.35,17.9,17.95,-0.1,5314,6770,18.0
2025-03-10,31038072,578273254,18.95,18.05,18.6,0.65,11268,6770,18.05
2025-03-11,29403015,527528400,18.2,17.65,18.05,-0.55,10998,6770,18.2
2025-03-12,29990721,548223641,18.6,17.8,18.3,0.25,9520,6770,18.05
2025-03-13,22753648,411191740,18.5,17.7,17.7,-0.6,7887,6770,18.4
2025-03-14,18690090,334186277,18.2,17.55,18.0,0.3,6219,6770,17.75
2025-03-17,14498294,261178879,18.35,17.85,17.95,-0.05,5158,6770,18.2
2025-03-18,12140700,218292397,18.25,17.8,17.95,0.0,4920,6770,18.05
2025-03-19,13149613,236297027,18.25,17.8,17.8,-0.15,5006,6770,18.0
2025-03-20,14056961,255368315,18.35,17.95,18.15,0.35,4758,6770,17.95
2025-03-21,18093370,323694817,18.2,17.75,17.85,-0.3,5685,6770,18.2
2025-03-24,9792739,173425140,18.0,17.6,17.6,-0.25,4134,6770,17.9
2025-03-25,14594575,254031453,17.95,17.2,17.2,-0.4,7145,6770,17.75
2025-03-26,6964288,120364021,17.55,17.2,17.2,0.0,4081,6770,17.3
2025-03-27,12684620,217159490,17.4,16.8,17.1,-0.1,4508,6770,17.05
2025-03-28,16644564,276481998,17.1,16.35,16.35,-0.75,7086,6770,17.0
2025-03-31,26359250,406548613,15.85,15.15,15.2,-1.15,8885,6770,15.8
2025-04-01,15973426,250755141,15.9,15.4,15.7,0.5,5502,6770,15.5
2025-04-02,13663656,215193460,16.0,15.4,15.85,0.15,3801,6770,15.7
2025-04-07,5712387,81686757,14.3,14.3,14.3,-1.55,2763,6770,14.3
2025-04-08,41168839,544164867,13.7,12.9,13.25,-1.05,11751,6770,13.1
2025-04-09,40647949,504202014,13.15,11.95,11.95,-1.3,12681,6770,13.1
2025-04-10,5038707,66006984,13.1,13.1,13.1,1.15,1928,6770,13.1
2025-04-11,22279088,293990688,13.65,12.3,13.65,0.55,8160,6770,13.0
2025-04-14,26001723,372398676,14.7,13.95,14.2,0.55,7301,6770,14.0
2025-04-15,12059758,172947930,14.5,14.15,14.45,0.25,4861,6770,14.35
2025-04-16,17186096,242142592,14.3,14.0,14.1,-0.35,5631,6770,14.25
2025-04-17,9924271,139456855,14.25,13.85,14.1,0.0,3621,6770,14.0
2025-04-18,7579420,107654731,14.4,14.1,14.1,0.0,2742,6770,14.15
2025-04-21,6587557,91896973,14.25,13.8,13.8,-0.3,2575,6770,14.2
2025-04-22,8210328,112334801,13.95,13.35,13.7,-0.1,3028,6770,13.7
2025-04-23,17546236,251238895,14.55,14.1,14.4,0.7,5956,6770,14.15
2025-04-24,9717104,137580424,14.55,14.0,14.0,-0.4,4567,6770,14.5
2025-04-25,10872602,153608891,14.35,13.95,14.0,0.0,3459,6770,14.3
2025-04-28,7653121,107726950,14.2,13.9,14.15,0.15,2697,6770,14.05
2025-04-29,13567135,194549014,14.5,14.1,14.4,0.25,4626,6770,14.4
2025-04-30,10018189,143258136,14.45,14.15,14.15,-0.25,3912,6770,14.4
2025-05-02,8399830,120045806,14.4,14.2,14.25,0.1,2656,6770,14.35
2025-05-05,13987254,198579051,14.65,13.8,14.1,-0.15,4792,6770,14.4
2025-05-06,5197943,73457595,14.2,14.0,14.1,0.0,2055,6770,14.2
2025-05-07,5756512,81357402,14.35,14.05,14.1,0.0,2375,6770,14.25
2025-05-08,7716967,110059363,14.45,14.15,14.15,0.05,3014,6770,14.2
2025-05-09,12227068,175543263,14.5,14.15,14.5,0.35,4227,6770,14.25
2025-05-12,18341654,276361363,15.3,14.6,15.25,0.75,6752,6770,14.7
2025-05-13,32900444,527597562,16.3,15.75,16.0,0.75,11190,6770,15.95
2025-05-14,18258839,291303962,16.2,15.7,16.0,0.0,6501,6770,16.05
2025-05-15,13942725,219585102,16.1,15.55,15.65,-0.35,5239,6770,16.05
2025-05-16,13792391,212388434,15.6,15.3,15.3,-0.35,5186,6770,15.6
2025-05-19,10288972,158158116,15.65,15.1,15.3,0.0,3914,6770,15.25
2025-05-20,13634578,212138771,15.75,15.4,15.55,0.25,3946,6770,15.5
2025-05-21,8036229,125191569,15.75,15.4,15.7,0.15,3201,6770,15.55
2025-05-22,8588527,132685482,15.6,15.3,15.6,-0.1,2512,6770,15.5
2025-05-23,7955100,123440251,15.65,15.45,15.45,-0.15,2494,6770,15.6
2025-05-26,7671980,118779087,15.6,15.35,15.45,0.0,2613,6770,15.55
2025-05-27,13746014,214001187,15.8,15.4,15.55,0.1,3807,6770,15.55
2025-05-28,17800593,278664599,16.1,15.35,15.4,-0.15,5694,6770,15.7
2025-05-29,12510408,194783528,15.8,15.4,15.5,0.1,3297,6770,15.65
2025-06-02,14526068,217536915,15.5,14.75,14.75,-0.75,5652,6770,15.5
2025-06-03,8709474,128907187,15.15,14.6,14.6,-0.15,3228,6770,15.0
2025-06-04,10682230,160201348,15.2,14.75,14.9,0.3,3354,6770,14.75
2025-06-05,10059778,152316115,15.35,14.8,15.05,0.15,3471,6770,14.9
2025-06-06,16650736,257449926,15.75,14.9,15.55,0.5,5705,6770,15.0
2025-06-09,12265858,191393070,15.75,15.3,15.65,0.1,4960,6770,15.65
2025-06-10,13102421,208035157,16.05,15.65,15.8,0.15,4393,6770,15.7
2025-06-11,11261877,177090343,15.9,15.6,15.65,-0.15,3444,6770,15.85
2025-06-12,11335305,178368375,15.85,15.55,15.8,0.15,3154,6770,15.65
2025-06-13,18485913,281234094,15.65,15.0,15.0,-0.8,7185,6770,15.6
2025-06-16,8070363,121002682,15.15,14.8,14.9,-0.1,3076,6770,15.0
2025-06-17,9531064,144445203,15.4,14.95,15.0,0.1,3777,6770,15.1
2025-06-18,21863527,340430407,16.0,14.95,15.95,0.95,6478,6770,15.0
2025-06-19,34636022,540900409,16.15,15.3,15.4,-0.55,10471,6770,16.15
2025-06-20,21293630,319523865,15.55,14.75,15.0,-0.4,7603,6770,15.35
2025-06-23,11790846,173868066,14.95,14.5,14.9,-0.1,3751,6770,14.65
2025-06-24,15503712,237947680,15.5,15.1,15.4,0.5,4596,6770,15.15
2025-06-25,11450404,176690536,15.6,15.3,15.4,0.0,3005,6770,15.6
2025-06-26,15114744,236639462,15.9,15.4,15.4,0.0,5038,6770,15.5
2025-06-27,8993203,139583868,15.75,15.35,15.45,0.05,3189,6770,15.55
2025-06-30,7862855,121130056,15.55,15.3,15.4,-0.05,2286,6770,15.45
2025-07-01,8548031,132216533,15.6,15.35,15.5,0.1,2865,6770,15.4
2025-07-02,27204569,429980364,16.05,15.3,16.05,0.55,6482,6770,15.6
2025-07-03,99255086,1698865462,17.65,16.3,17.65,1.6,25723,6770,17.2
2025-07-04,206015674,3702576999,18.6,17.4,17.65,0.0,66215,6770,17.8
2025-07-07,49693713,853751178,17.5,16.8,17.3,-0.35,15934,6770,17.5
2025-07-08,46555982,769728555,17.2,16.25,16.25,-1.05,15394,6770,17.2
2025-07-09,30313845,486885232,16.35,15.85,15.95,-0.3,8881,6770,16.25
2025-07-10,19567599,308869409,16.15,15.6,15.6,-0.35,6568,6770,16.0
2025-07-11,22721505,363326646,16.2,15.65,16.15,0.55,6968,6770,15.7
2025-07-14,13647353,220618496,16.35,15.9,16.2,0.05,4771,6770,16.25
2025-07-15,9673864,157363415,16.4,16.1,16.3,0.1,3917,6770,16.1
2025-07-16,11204061,182510554,16.4,16.2,16.25,-0.05,5257,6770,16.2
2025-07-17,18698631,308994633,16.75,16.15,16.65,0.4,6714,6770,16.25
2025-07-18,16691906,278882364,16.95,16.5,16.65,0.0,6015,6770,16.8
2025-07-21,21052848,352646991,17.1,16.35,16.85,0.2,6555,6770,16.6
2025-07-22,55455873,930240012,17.3,16.1,16.25,-0.6,17582,6770,17.2
2025-07-23,41659580,650295214,15.8,15.45,15.7,-0.55,15921,6770,15.8
2025-07-24,29756383,456480189,15.7,15.2,15.25,-0.45,9902,6770,15.65
2025-07-25,15312006,234960880,15.6,15.2,15.3,0.05,5503,6770,15.25
2025-07-28,16377474,248423295,15.35,15.05,15.15,-0.15,5808,6770,15.25
2025-07-29,18889853,284087620,15.3,14.9,14.9,-0.25,6118,6770,15.15
2025-07-30,22192466,336552262,15.5,14.8,15.35,0.45,6879,6770,14.9
2025-07-31,13978246,211120417,15.35,15.0,15.0,-0.35,4601,6770,15.3
2025-08-01,12302378,185228768,15.25,14.65,15.25,0.25,4159,6770,14.8
2025-08-04,24325554,361802526,15.0,14.7,14.95,-0.3,6169,6770,14.85
2025-08-05,16284982,248685614,15.6,15.0,15.3,0.35,5020,6770,15.0
2025-08-06,12524983,189065696,15.3,14.95,15.05,-0.25,3688,6770,15.3
2025-08-07,12264942,183844362,15.2,14.85,14.85,-0.2,4527,6770,15.1
2025-08-08,15406611,231431700,15.25,14.8,14.9,0.05,4632,6770,14.8
2025-08-11,10182339,151886804,15.05,14.75,15.0,0.1,3172,6770,14.95
2025-08-12,13523023,206308151,15.4,15.0,15.3,0.3,4352,6770,15.0
2025-08-13,16756833,259549290,15.7,15.25,15.3,0.0,5325,6770,15.4
2025-08-14,17598535,274078144,15.7,15.3,15.6,0.3,5198,6770,15.3
2025-08-15,12628189,196101176,15.7,15.4,15.6,0.0,4582,6770,15.7
2025-08-18,19004833,299745653,15.9,15.55,15.9,0.3,6323,6770,15.65
2025-08-19,13939064,222198566,16.25,15.7,15.9,0.0,4812,6770,16.0
2025-08-20,13145177,204927171,15.9,15.35,15.45,-0.45,4920,6770,15.9
2025-08-21,13533401,214467099,16.0,15.5,15.9,0.45,4309,6770,15.5
2025-08-22,8199786,128712348,15.95,15.6,15.7,-0.2,3099,6770,15.9
2025-08-25,14110976,225463484,16.2,15.8,15.8,0.1,5562,6770,15.95
2025-08-26,8063411,127504205,15.9,15.7,15.8,0.0,2569,6770,15.75
2025-08-27,12712227,203232987,16.15,15.8,15.85,0.05,4102,6770,15.95
2025-08-28,11201897,179359397,16.1,15.85,16.05,0.2,3809,6770,15.95
2025-08-29,16472548,265705445,16.5,15.9,15.9,-0.15,5054,6770,16.15
2025-09-01,8642048,136430470,15.95,15.65,15.75,-0.15,2992,6770,15.9
2025-09-02,10566333,165196337,16.05,15.35,15.4,-0.35,4934,6770,15.85
2025-09-03,9065626,140405464,15.7,15.3,15.35,-0.05,3908,6770,15.45
2025-09-04,10902508,171413753,15.9,15.45,15.7,0.35,3437,6770,15.5
2025-09-05,18322440,293898337,16.2,15.75,16.05,0.35,5788,6770,15.8
2025-09-08,50800717,843014532,16.95,16.25,16.55,0.5,15246,6770,16.25
2025-09-09,15531911,255547477,16.7,16.25,16.5,-0.05,5240,6770,16.55
2025-09-10,24495267,407969114,16.9,16.3,16.7,0.2,8111,6770,16.65
2025-09-11,46594823,794208685,17.4,16.6,17.2,0.5,14669,6770,16.8
2025-09-12,201622206,3723590616,18.9,17.45,17.95,0.75,56535,6770,17.5
2025-09-15,54123964,970312075,18.25,17.6,17.85,-0.1,16961,6770,18.1
2025-09-16,75708624,1396504930,18.9,17.6,18.55,0.7,24492,6770,17.85
2025-09-17,163960094,3267932783,20.4,18.6,20.4,1.85,48229,6770,18.6
2025-09-18,325493680,7110942517,22.4,20.95,22.4,2.0,96659,6770,21.25
2025-09-19,314213408,7126598975,23.15,22.0,22.1,-0.3,93163,6770,22.8
2025-09-22,137319084,2978817692,22.6,21.15,21.35,-0.75,44923,6770,22.05
2025-09-23,259556236,5992042796,23.45,21.65,23.45,2.1,64792,6770,21.65
2025-09-24,362241550,8609271992,24.7,22.9,23.85,0.4,108281,6770,23.7
2025-09-25,122208828,2855001573,24.0,22.95,23.1,-0.75,43165,6770,23.0
2025-09-26,121113225,2776759535,23.5,22.2,23.1,0.0,39549,6770,22.75
2025-09-30,152664035,3870641056,25.4,24.95,25.4,2.3,35357,6770,25.35
2025-10-01,404766975,11027525704,27.9,25.2,27.9,2.5,96074,6770,25.4
2025-10-02,439718290,12570821297,30.1,27.4,27.7,-0.2,143603,6770,30.1
2025-10-03,253574999,6968542109,28.4,26.85,27.2,-0.5,88046,6770,27.5
2025-10-07,366193981,10772212292,29.9,27.65,29.9,2.7,104523,6770,27.8
2025-10-08,384462583,11448538009,31.35,28.55,31.0,1.1,128320,6770,29.1
2025-10-09,329804510,10197918925,32.0,30.2,30.3,-0.7,119020,6770,31.5
2025-10-13,205759888,5897739666,29.3,27.45,29.25,-1.05,70591,6770,27.55
2025-10-14,294354305,8467231829,31.0,27.3,27.3,-1.95,102496,6770,30.6
2025-10-15,138777196,3867298262,28.45,27.4,27.8,0.5,52512,6770,28.35
2025-10-16,292728145,8611277025,30.25,28.45,28.8,1.0,94120,6770,28.5
2025-10-17,250893662,7460100425,30.75,28.3,29.5,0.7,94081,6770,28.5
2025-10-20,246606181,7461470661,31.3,29.45,30.3,0.8,95087,6770,30.5
2025-10-21,182443230,5475015752,30.75,29.45,30.7,0.4,71792,6770,30.45
2025-10-22,277459776,7931943539,29.2,28.0,28.0,-2.7,108216,6770,28.5
2025-10-23,186811585,5287430397,28.9,27.35,28.65,0.65,64504,6770,27.4
2025-10-27,347845869,10843383105,31.5,30.5,31.5,2.85,111582,6770,30.5
2025-10-28,588996015,19074418428,33.6,31.5,31.95,0.45,215153,6770,32.15
2025-10-29,388352347,12412659768,33.4,30.55,32.25,0.3,133763,6770,32.0
2025-10-30,407145447,13568371451,34.1,32.4,33.05,0.8,150176,6770,32.9
2025-10-31,197455702,6322395344,33.0,31.5,31.5,-1.55,84549,6770,32.95
2025-11-03,235952795,7371101143,32.45,30.1,30.1,-1.4,87177,6770,31.85
2025-11-04,177475714,5266637860,30.65,29.0,29.05,-1.05,66307,6770,30.3
2025-11-05,176872426,5170800597,30.15,27.9,29.95,0.9,57781,6770,28.0
2025-11-06,209909996,6499879341,31.5,30.15,31.25,1.3,75300,6770,30.65
2025-11-07,121062501,3718215296,31.35,30.2,30.55,-0.7,53290,6770,30.8
2025-11-10,233705451,7322729944,32.1,30.0,31.55,1.0,78998,6770,30.95
2025-11-11,529164465,17400318535,34.4,31.5,33.2,1.65,180276,6770,31.85
2025-11-12,499495620,17621987119,36.5,32.75,36.5,3.3,162562,6770,33.45
2025-11-13,617710393,22457662928,37.75,34.8,35.65,-0.85,210987,6770,36.9
2025-11-14,248325964,8496322839,35.3,33.0,34.15,-1.5,87058,6770,33.8
2025-11-17,265534847,9376527256,36.65,34.2,35.0,0.85,84378,6770,35.85
2025-11-18,467809288,16747407658,37.0,34.55,35.9,0.9,176953,6770,34.8
2025-11-19,519343046,18992716770,38.45,34.95,35.35,-0.55,220837,6770,35.5
2025-11-20,497717420,17752250609,37.55,33.45,35.4,0.05,197337,6770,36.85
2025-11-21,271984541,8975079599,34.25,32.0,33.0,-2.4,94271,6770,33.5
2025-11-24,217048963,7144736305,34.3,32.0,32.1,-0.9,86059,6770,33.7
2025-11-25,174398006,5845118958,34.2,33.0,33.3,1.2,63003,6770,33.6
2025-11-26,230260670,7396142479,33.75,31.0,31.65,-1.65,88076,6770,33.75
2025-11-27,136640285,4471622853,33.3,32.25,33.15,1.5,49089,6770,32.25
2025-11-28,208217839,7088542469,34.9,32.8,34.1,0.95,79891,6770,33.3
2025-12-01,164700403,5610829266,35.0,33.1,34.0,-0.1,62381,6770,34.5
2025-12-02,214310269,7136954829,34.5,32.75,32.8,-1.2,80452,6770,34.4
2025-12-03,123097768,4023003095,33.35,32.05,32.1,-0.7,49036,6770,33.0
2025-12-04,101699922,3255897042,32.5,31.45,32.3,0.2,40965,6770,32.2
2025-12-05,109410515,3552698031,33.1,31.7,32.9,0.6,40664,6770,32.15
2025-12-08,251293364,8558650091,34.75,33.25,34.15,1.25,92730,6770,33.35
2025-12-09,261044778,9102288471,35.5,34.3,35.3,1.15,94430,6770,34.65
2025-12-10,259847330,9189649286,36.5,34.2,34.7,-0.6,105547,6770,35.8
2025-12-11,149124741,5137358383,35.5,33.8,33.8,-0.9,61747,6770,35.2
2025-12-12,222708400,7811461742,35.8,34.0,35.1,1.3,74678,6770,34.0
2025-12-15,127423185,4359049667,35.25,33.1,34.95,-0.15,58276,6770,34.3
2025-12-16,123835171,4200307050,34.7,33.2,33.8,-1.15,49964,6770,34.7
2025-12-17,156274375,5360214709,35.0,33.3,34.8,1.0,53503,6770,34.1
2025-12-18,221716222,7856328166,35.9,34.7,35.5,0.7,77428,6770,34.75
2025-12-19,336341381,12244691460,37.35,35.2,36.8,1.3,119988,6770,36.65
2025-12-22,477376736,19106166131,40.45,38.75,40.45,3.65,139745,6770,38.8
2025-12-23,539300263,21654439976,42.2,38.8,39.0,-1.45,196543,6770,41.95
2025-12-24,261731116,10404088731,40.4,38.5,40.4,1.4,115770,6770,39.35
2025-12-26,314496918,12830700187,42.2,40.0,40.05,-0.35,133600,6770,41.55
2025-12-29,155446006,6199430817,40.65,39.2,39.65,-0.4,68969,6770,40.45
2025-12-30,210185132,8472421113,41.1,39.5,40.25,0.6,80590,6770,39.7
2025-12-31,194157015,7811888886,41.3,39.55,39.55,-0.7,79367,6770,40.8
2026-01-02,352857727,14600797303,42.2,39.3,42.1,2.55,143256,6770,39.85
2026-01-05,389177520,16982869096,44.7,42.6,43.45,1.35,162842,6770,43.6
2026-01-06,447327296,20651597478,47.75,43.1,47.75,4.3,158573,6770,43.5
2026-01-07,535325591,26366005461,50.5,48.0,49.2,1.45,193370,6770,50.0
2026-01-08,310713584,15123136359,50.2,47.3,49.65,0.45,135166,6770,48.6
2026-01-09,101242544,4797409139,49.45,44.7,47.5,-2.15,48802,6770,48.0
2026-01-12,70940203,3501551086,50.0,48.0,49.8,2.3,35399,6770,49.0
2026-01-13,73960843,3694033534,51.0,48.0,50.7,0.9,37932,6770,51.0
2026-01-14,46510142,2356682999,51.3,50.1,50.6,-0.1,25536,6770,50.7
2026-01-15,54236143,2754839748,51.3,49.85,51.3,0.7,27586,6770,51.0
2026-01-16,110873464,6150891874,56.4,52.5,56.4,5.1,55696,6770,53.0
2026-01-19,24159520,1497890240,62.0,62.0,62.0,5.6,14669,6770,62.0
2026-01-20,195267350,12614580821,68.2,58.5,68.2,6.2,93637,6770,58.5
2026-01-21,182416278,11785933766,68.5,61.6,62.6,-5.6,111195,6770,67.0
2026-01-22,102573491,6612258542,66.2,62.7,63.6,1.0,58367,6770,66.1
2026-01-23,335348044,20233892160,64.8,58.2,58.5,-5.1,186038,6770,64.8
2026-01-26,316571827,19337558827,63.7,58.5,60.6,2.1,156003,6770,58.5
2026-01-27,265557670,15870136205,62.1,57.7,59.5,-1.1,142448,6770,60.6
2026-01-28,361651007,23172906909,65.4,61.7,65.4,5.9,164702,6770,61.7
2026-01-29,592076349,39308851555,69.5,63.3,65.1,-0.3,289723,6770,67.0
2026-01-30,502280824,34235112918,70.7,65.1,69.5,4.4,242627,6770,65.1
2026-02-02,282567486,18090031239,66.9,62.6,62.6,-6.9,154717,6770,66.3
2026-02-03,308535252,19473377777,67.4,57.9,59.7,-2.9,187367,6770,66.0
2026-02-04,223557376,14277796314,65.6,59.9,65.6,5.9,108409,6770,60.0
2026-02-05,203499311,12833802258,64.7,61.5,62.8,-2.8,126313,6770,63.0
2026-02-06,340736299,21640886801,66.3,60.0,63.5,0.7,148410,6770,62.7
2026-02-09,294168948,19491941455,68.5,63.7,63.8,0.3,144063,6770,67.8
2026-02-10,192703938,12354135705,65.9,62.6,64.3,0.5,113471,6770,64.3
2026-02-11,214396111,13735457320,65.5,62.8,63.1,-1.2,111472,6770,63.0
2026-02-23,257714887,17388897236,68.9,65.3,67.0,3.9,122154,6770,65.8
2026-02-24,337047858,23977646265,73.7,66.1,73.7,6.7,183024,6770,67.9
2026-02-25,487502723,36519111235,77.0,72.6,76.8,3.1,237890,6770,74.7
2026-02-26,322304137,24760862793,78.9,75.4,76.7,-0.1,177913,6770,76.8
2026-03-02,248095174,18655368511,77.8,71.4,74.8,-1.9,140939,6770,71.4
2026-03-03,373534446,26473655864,77.0,67.4,68.2,-6.6,195813,6770,76.2
2026-03-04,210778981,13243164856,65.4,61.4,61.4,-6.8,121741,6770,63.2
2026-03-05,211842643,13880330602,67.4,63.4,64.4,3.0,99973,6770,66.4
2026-03-06,144135138,9331162927,66.3,63.3,64.3,-0.1,70318,6770,63.9
2026-03-09,135415285,7913316948,59.4,57.9,59.4,-4.9,72134,6770,58.0
2026-03-10,140297005,8807377285,64.2,60.5,62.2,2.8,70347,6770,63.8
2026-03-11,169992993,11260615975,67.5,63.5,66.3,4.1,85412,6770,64.0
2026-03-12,171086491,11084539116,66.8,63.1,63.1,-3.2,94057,6770,66.6
2026-03-13,135963192,8658930507,64.8,61.9,64.3,1.2,64357,6770,62.0
2026-03-16,254597003,16861362714,67.4,65.1,65.2,0.9,116289,6770,65.7
2026-03-17,393355372,27602708209,71.7,66.8,71.7,6.5,184427,6770,67.1
2026-03-18,404267429,29615113787,76.2,70.7,71.9,0.2,203925,6770,76.0
2026-03-19,513362980,38154676481,77.8,68.6,75.0,3.1,254005,6770,70.1
2026-03-20,529033042,39714524139,78.0,71.7,75.5,0.5,257730,6770,77.1
2026-03-23,243486481,17144692269,72.3,68.6,69.1,-6.4,129519,6770,71.0
2026-03-24,369690172,24062444165,71.4,62.5,62.7,-6.4,190714,6770,71.3
2026-03-25,278832681,17913554201,66.2,62.1,65.0,2.3,135508,6770,64.1
2026-03-26,289190595,18722999356,67.5,62.8,62.8,-2.2,139041,6770,65.3
2026-03-27,222663654,13111299759,61.2,57.1,59.2,-3.6,116935,6770,60.5
2026-03-30,206031533,12036947599,60.1,57.0,58.1,-1.1,92222,6770,57.5
2026-03-31,207091698,11133975327,55.7,52.4,53.1,-5.0,101838,6770,55.0
2026-04-01,148151777,8189291339,57.0,54.3,54.9,1.8,69845,6770,57.0
2026-04-02,155762985,8583324534,57.2,53.5,53.5,-1.4,71453,6770,56.5
2026-04-07,96302858,5188336913,55.4,52.7,54.0,0.5,45782,6770,55.0
2026-04-08,115253686,6587324289,57.9,55.8,57.6,3.6,55248,6770,55.9
2026-04-09,134072246,7410548999,58.0,53.8,54.0,-3.6,75938,6770,58.0
2026-04-10,134034940,7441143064,57.0,54.1,55.4,1.4,63426,6770,54.9
2026-04-13,101937555,5540699532,55.5,53.6,54.5,-0.9,50032,6770,55.4
2026-04-14,109787192,6058801324,56.4,54.5,54.6,0.1,53467,6770,55.5
2026-04-15,101747295,5525946765,56.2,53.1,53.2,-1.4,59308,6770,55.8
2026-04-16,85975346,4610142632,54.3,52.4,54.0,0.8,40511,6770,53.3
2026-04-17,87074889,4615898597,54.3,52.5,52.6,-1.4,49736,6770,53.6
2026-04-20,99368654,5140319961,52.9,51.0,51.4,-1.2,52244,6770,52.7
2026-04-21,109355837,5873442096,54.3,52.5,54.0,2.6,58916,6770,52.5
2026-04-22,219996918,12487682292,58.5,54.9,57.0,3.0,111773,6770,56.0
